"Experiment Accession","Experiment Title","Organism Name","Instrument","Submitter","Study Accession","Study Title","Sample Accession","Sample Title","Total Size, Mb","Total RUNs","Total Spots","Total Bases","Library Name","Library Strategy","Library Source","Library Selection"
"ERX4888836","Illumina MiSeq sequencing; COG-UK/LOND-1251FC2/LOND_UCLH:201208_M03972_0299_000000000-JG7HT","Severe acute respiratory syndrome coronavirus 2","Illumina MiSeq","","ERP121228","COVID-19 Genomics UK (COG-UK) consortium","ERS5547108","","18.42","1","210743","85653981","","WGS","GENOMIC","PCR"
"ERX4888762","Illumina MiSeq sequencing; COG-UK/LOND-1287F0F/LOND_BART:201221_M04910_0390_000000000-JCCPP","Severe acute respiratory syndrome coronavirus 2","Illumina MiSeq","Barts Health NHS Trust","ERP121228","COVID-19 Genomics UK (COG-UK) consortium","ERS5547036","","88.12","1","1104319","284573671","","WGS","VIRAL RNA","PCR"
"ERX4888639","Illumina MiSeq sequencing; COG-UK/LOND-12880B0/LOND_BART:201223_M04910_0392_000000000-JFM8P","Severe acute respiratory syndrome coronavirus 2","Illumina MiSeq","Barts Health NHS Trust","ERP121228","COVID-19 Genomics UK (COG-UK) consortium","ERS5546914","","66.95","1","879595","229419331","","WGS","VIRAL RNA","PCR"
"ERX4888509","Illumina MiSeq sequencing; COG-UK/LOND-12875FE/LOND_BART:201127_M04910_0378_000000000-CT76K","Severe acute respiratory syndrome coronavirus 2","Illumina MiSeq","Barts Health NHS Trust","ERP121228","COVID-19 Genomics UK (COG-UK) consortium","ERS5546785","","32.74","1","492383","136707664","","WGS","VIRAL RNA","PCR"
"ERX4888377","Illumina MiSeq sequencing; COG-UK/LOND-12881CC/LOND_BART:201227_M04910_0393_000000000-G72YG","Severe acute respiratory syndrome coronavirus 2","Illumina MiSeq","Barts Health NHS Trust","ERP121228","COVID-19 Genomics UK (COG-UK) consortium","ERS5546655","","26.78","1","344960","93571215","","WGS","VIRAL RNA","PCR"
"ERX4887999","Illumina MiSeq sequencing; COG-UK/LOND-12875C1/LOND_BART:201127_M04910_0378_000000000-CT76K","Severe acute respiratory syndrome coronavirus 2","Illumina MiSeq","Barts Health NHS Trust","ERP121228","COVID-19 Genomics UK (COG-UK) consortium","ERS5546287","","10.93","1","173331","45319660","","WGS","VIRAL RNA","PCR"
"ERX4887457","Illumina MiSeq sequencing; COG-UK/LOND-1287AC2/LOND_BART:201210_M04910_0384_000000000-JC9H8","Severe acute respiratory syndrome coronavirus 2","Illumina MiSeq","Barts Health NHS Trust","ERP121228","COVID-19 Genomics UK (COG-UK) consortium","ERS5545749","","44.33","1","620129","155027734","","WGS","VIRAL RNA","PCR"
"ERX4887241","Illumina MiSeq sequencing; COG-UK/LOND-12876FB/LOND_BART:201127_M04910_0378_000000000-CT76K","Severe acute respiratory syndrome coronavirus 2","Illumina MiSeq","Barts Health NHS Trust","ERP121228","COVID-19 Genomics UK (COG-UK) consortium","ERS5545535","","41.96","1","645270","178147596","","WGS","VIRAL RNA","PCR"
"ERX4886669","Illumina MiSeq sequencing; COG-UK/LOND-1288047/LOND_BART:201223_M04910_0392_000000000-JFM8P","Severe acute respiratory syndrome coronavirus 2","Illumina MiSeq","Barts Health NHS Trust","ERP121228","COVID-19 Genomics UK (COG-UK) consortium","ERS5544965","","82.1","1","1079705","281627760","","WGS","VIRAL RNA","PCR"
"ERX4886491","Illumina MiSeq sequencing; COG-UK/LOND-1287DF6/LOND_BART:201221_M04910_0390_000000000-JCCPP","Severe acute respiratory syndrome coronavirus 2","Illumina MiSeq","Barts Health NHS Trust","ERP121228","COVID-19 Genomics UK (COG-UK) consortium","ERS5544792","","36.57","1","478349","129106323","","WGS","VIRAL RNA","PCR"
"ERX4886323","Illumina MiSeq sequencing; COG-UK/LOND-1251636/LOND_UCLH:201124_M03972_0293_000000000-JDG79","Severe acute respiratory syndrome coronavirus 2","Illumina MiSeq","","ERP121228","COVID-19 Genomics UK (COG-UK) consortium","ERS5544628","","27.16","1","293112","116866061","","WGS","GENOMIC","PCR"
"ERX4886295","Illumina MiSeq sequencing; COG-UK/LOND-1287E4E/LOND_BART:201221_M04910_0390_000000000-JCCPP","Severe acute respiratory syndrome coronavirus 2","Illumina MiSeq","Barts Health NHS Trust","ERP121228","COVID-19 Genomics UK (COG-UK) consortium","ERS5544599","","30.73","1","441890","105425843","","WGS","VIRAL RNA","PCR"
"ERX4885859","Illumina MiSeq sequencing; COG-UK/LOND-1251645/LOND_UCLH:201124_M03972_0293_000000000-JDG79","Severe acute respiratory syndrome coronavirus 2","Illumina MiSeq","","ERP121228","COVID-19 Genomics UK (COG-UK) consortium","ERS5544157","","28.75","1","310178","123548154","","WGS","GENOMIC","PCR"
"ERX4885579","Illumina MiSeq sequencing; COG-UK/LOND-12877AD/LOND_BART:201204_M04910_0380_000000000-JC9H5","Severe acute respiratory syndrome coronavirus 2","Illumina MiSeq","Barts Health NHS Trust","ERP121228","COVID-19 Genomics UK (COG-UK) consortium","ERS5543877","","69.15","1","893865","229316310","","WGS","VIRAL RNA","PCR"
"ERX4885157","Illumina MiSeq sequencing; COG-UK/LOND-1288478/LOND_BART:210102_M04910_0395_000000000-JFM97","Severe acute respiratory syndrome coronavirus 2","Illumina MiSeq","Barts Health NHS Trust","ERP121228","COVID-19 Genomics UK (COG-UK) consortium","ERS5543455","","55.44","1","801751","186679835","","WGS","VIRAL RNA","PCR"
"ERX4885054","Illumina MiSeq sequencing; COG-UK/LOND-1251548/LOND_UCLH:201124_M03972_0293_000000000-JDG79","Severe acute respiratory syndrome coronavirus 2","Illumina MiSeq","","ERP121228","COVID-19 Genomics UK (COG-UK) consortium","ERS5543349","","9.62","1","101840","41688481","","WGS","GENOMIC","PCR"
"ERX4885018","Illumina MiSeq sequencing; COG-UK/LOND-1287D50/LOND_BART:201221_M04910_0390_000000000-JCCPP","Severe acute respiratory syndrome coronavirus 2","Illumina MiSeq","Barts Health NHS Trust","ERP121228","COVID-19 Genomics UK (COG-UK) consortium","ERS5543315","","29.28","1","405727","104319324","","WGS","VIRAL RNA","PCR"
"ERX4884673","Illumina MiSeq sequencing; COG-UK/LOND-12876DD/LOND_BART:201127_M04910_0378_000000000-CT76K","Severe acute respiratory syndrome coronavirus 2","Illumina MiSeq","Barts Health NHS Trust","ERP121228","COVID-19 Genomics UK (COG-UK) consortium","ERS5542969","","44.31","1","737882","193656763","","WGS","VIRAL RNA","PCR"
"ERX4884365","Illumina MiSeq sequencing; COG-UK/LOND-1287C35/LOND_BART:201210_M04910_0384_000000000-JC9H8","Severe acute respiratory syndrome coronavirus 2","Illumina MiSeq","Barts Health NHS Trust","ERP121228","COVID-19 Genomics UK (COG-UK) consortium","ERS5542659","","35.34","1","508336","122587549","","WGS","VIRAL RNA","PCR"
"ERX4884081","Illumina MiSeq sequencing; COG-UK/LOND-128826F/LOND_BART:201227_M04910_0393_000000000-G72YG","Severe acute respiratory syndrome coronavirus 2","Illumina MiSeq","Barts Health NHS Trust","ERP121228","COVID-19 Genomics UK (COG-UK) consortium","ERS5542377","","45.75","1","590911","157925108","","WGS","VIRAL RNA","PCR"
"ERX4883868","Illumina MiSeq sequencing; COG-UK/LOND-12880DE/LOND_BART:201223_M04910_0392_000000000-JFM8P","Severe acute respiratory syndrome coronavirus 2","Illumina MiSeq","Barts Health NHS Trust","ERP121228","COVID-19 Genomics UK (COG-UK) consortium","ERS5542163","","71.69","1","1027579","255134514","","WGS","VIRAL RNA","PCR"
"ERX4883773","Illumina MiSeq sequencing; COG-UK/LOND-1287E20/LOND_BART:201221_M04910_0390_000000000-JCCPP","Severe acute respiratory syndrome coronavirus 2","Illumina MiSeq","Barts Health NHS Trust","ERP121228","COVID-19 Genomics UK (COG-UK) consortium","ERS5542069","","28.21","1","377108","98961508","","WGS","VIRAL RNA","PCR"
"ERX4883566","Illumina MiSeq sequencing; COG-UK/LOND-1287FA5/LOND_BART:201221_M04910_0390_000000000-JCCPP","Severe acute respiratory syndrome coronavirus 2","Illumina MiSeq","Barts Health NHS Trust","ERP121228","COVID-19 Genomics UK (COG-UK) consortium","ERS5541864","","24.32","1","328662","87442422","","WGS","VIRAL RNA","PCR"
"ERX4883304","Illumina MiSeq sequencing; COG-UK/LOND-12884C3/LOND_BART:210102_M04910_0395_000000000-JFM97","Severe acute respiratory syndrome coronavirus 2","Illumina MiSeq","Barts Health NHS Trust","ERP121228","COVID-19 Genomics UK (COG-UK) consortium","ERS5541602","","55.43","1","733585","200740584","","WGS","VIRAL RNA","PCR"
"ERX4882902","Illumina MiSeq sequencing; COG-UK/LOND-1287646/LOND_BART:201127_M04910_0378_000000000-CT76K","Severe acute respiratory syndrome coronavirus 2","Illumina MiSeq","Barts Health NHS Trust","ERP121228","COVID-19 Genomics UK (COG-UK) consortium","ERS5541203","","17.35","1","270587","74625298","","WGS","VIRAL RNA","PCR"
"ERX4882319","Illumina MiSeq sequencing; COG-UK/LOND-1287682/LOND_BART:201127_M04910_0378_000000000-CT76K","Severe acute respiratory syndrome coronavirus 2","Illumina MiSeq","Barts Health NHS Trust","ERP121228","COVID-19 Genomics UK (COG-UK) consortium","ERS5540623","","22.14","1","348940","100001647","","WGS","VIRAL RNA","PCR"
"ERX4380722","Illumina MiSeq paired end sequencing; COG-UK/LOND-1286AE1/LOND_BART:200710_M04910_0314_000000000-J57CG","Severe acute respiratory syndrome coronavirus 2","Illumina MiSeq","Barts Health NHS Trust","ERP121228","COVID-19 Genomics UK (COG-UK) consortium","ERS4935623","","59.53","1","865636","234162340","","WGS","VIRAL RNA","PCR"
"ERX4380697","Illumina MiSeq paired end sequencing; COG-UK/LOND-1286BFD/LOND_BART:200710_M04910_0314_000000000-J57CG","Severe acute respiratory syndrome coronavirus 2","Illumina MiSeq","Barts Health NHS Trust","ERP121228","COVID-19 Genomics UK (COG-UK) consortium","ERS4935598","","38.23","1","492059","143915064","","WGS","VIRAL RNA","PCR"
"SRX8012332","swab_artic_barcode09","Severe acute respiratory syndrome coronavirus 2","GridION","UW-Madison","SRP253728","SARS-CoV-2 Deep Sequencing University of Wisconsin-Madison","SRS6385902","","15.15","1","38398","18600893","WI19_artic","WGS","VIRAL RNA","PCR"
"SRX8012326","swab_artic_barcode03","Severe acute respiratory syndrome coronavirus 2","GridION","UW-Madison","SRP253728","SARS-CoV-2 Deep Sequencing University of Wisconsin-Madison","SRS6385896","","14.92","1","37812","18331321","WI13_artic","WGS","VIRAL RNA","PCR"
"SRX8012321","swab_artic_barcode01","Severe acute respiratory syndrome coronavirus 2","GridION","UW-Madison","SRP253728","SARS-CoV-2 Deep Sequencing University of Wisconsin-Madison","SRS6385891","","14.97","1","37941","18401180","WI11_artic","WGS","VIRAL RNA","PCR"
"ERX4380857","Illumina MiSeq paired end sequencing; COG-UK/LOND-1286A87/LOND_BART:200703_M04910_0310_000000000-J5556","Severe acute respiratory syndrome coronavirus 2","Illumina MiSeq","Barts Health NHS Trust","ERP121228","COVID-19 Genomics UK (COG-UK) consortium","ERS4935753","","63.32","1","828115","229724640","","WGS","VIRAL RNA","PCR"
"ERX4380835","Illumina MiSeq paired end sequencing; COG-UK/LOND-1286AB4/LOND_BART:200710_M04910_0314_000000000-J57CG","Severe acute respiratory syndrome coronavirus 2","Illumina MiSeq","Barts Health NHS Trust","ERP121228","COVID-19 Genomics UK (COG-UK) consortium","ERS4935732","","49.31","1","704233","194481068","","WGS","VIRAL RNA","PCR"
"ERX4380805","Illumina MiSeq paired end sequencing; COG-UK/LOND-128698A/LOND_BART:200604_M04910_0295_000000000-CVWHG","Severe acute respiratory syndrome coronavirus 2","Illumina MiSeq","Barts Health NHS Trust","ERP121228","COVID-19 Genomics UK (COG-UK) consortium","ERS4935702","","103.99","1","1094519","298538954","","WGS","VIRAL RNA","PCR"
"ERX4380771","Illumina MiSeq paired end sequencing; COG-UK/LOND-1286C09/LOND_BART:200710_M04910_0314_000000000-J57CG","Severe acute respiratory syndrome coronavirus 2","Illumina MiSeq","Barts Health NHS Trust","ERP121228","COVID-19 Genomics UK (COG-UK) consortium","ERS4935671","","30.13","1","368372","109632466","","WGS","VIRAL RNA","PCR"
"ERX4380749","Illumina MiSeq paired end sequencing; COG-UK/LOND-1286AA5/LOND_BART:200710_M04910_0314_000000000-J57CG","Severe acute respiratory syndrome coronavirus 2","Illumina MiSeq","Barts Health NHS Trust","ERP121228","COVID-19 Genomics UK (COG-UK) consortium","ERS4935650","","42.56","1","623207","171448237","","WGS","VIRAL RNA","PCR"
"SRX9122009","WGS of SARS-COV-2","Severe acute respiratory syndrome coronavirus 2","NextSeq 550","Seoul National University Hospital","SRP282375","WGS_SARS-CoV-2","SRS7364484","","237.74","1","3946024","1174577064","C17","WGS","GENOMIC","PCR"
"ERX4381234","Illumina MiSeq paired end sequencing; COG-UK/LOND-12869F3/LOND_BART:200703_M04910_0310_000000000-J5556","Severe acute respiratory syndrome coronavirus 2","Illumina MiSeq","Barts Health NHS Trust","ERP121228","COVID-19 Genomics UK (COG-UK) consortium","ERS4936111","","69.67","1","911221","249588675","","WGS","VIRAL RNA","PCR"
"ERX4380928","Illumina MiSeq paired end sequencing; COG-UK/LOND-12869C6/LOND_BART:200604_M04910_0295_000000000-CVWHG","Severe acute respiratory syndrome coronavirus 2","Illumina MiSeq","Barts Health NHS Trust","ERP121228","COVID-19 Genomics UK (COG-UK) consortium","ERS4935823","","130.22","1","1261296","334602089","","WGS","VIRAL RNA","PCR"
"ERX4380905","Illumina MiSeq paired end sequencing; COG-UK/LOND-1286BB1/LOND_BART:200710_M04910_0314_000000000-J57CG","Severe acute respiratory syndrome coronavirus 2","Illumina MiSeq","Barts Health NHS Trust","ERP121228","COVID-19 Genomics UK (COG-UK) consortium","ERS4935801","","56.34","1","786402","221377734","","WGS","VIRAL RNA","PCR"
"ERX4380878","Illumina MiSeq paired end sequencing; COG-UK/LOND-1286B39/LOND_BART:200710_M04910_0314_000000000-J57CG","Severe acute respiratory syndrome coronavirus 2","Illumina MiSeq","Barts Health NHS Trust","ERP121228","COVID-19 Genomics UK (COG-UK) consortium","ERS4935773","","63.21","1","913633","260890224","","WGS","VIRAL RNA","PCR"
"SRX9221676","ARTIC Sequencing of hCoV-19 Challenge Stock: 071420-1000_Rep1","Severe acute respiratory syndrome coronavirus 2","Illumina MiSeq","UW-Madison","SRP285952","SARS-CoV-2 Deep Sequencing of viral challenge stocks produced by BIOQUAL labs","SRS7455377","","28.05","1","497260","124812181","0714201000-1","WGS","VIRAL RNA","PCR"
"SRX9221670","ARTIC Sequencing of hCoV-19 Challenge Stock: 082520-1300_Rep1","Severe acute respiratory syndrome coronavirus 2","Illumina MiSeq","UW-Madison","SRP285952","SARS-CoV-2 Deep Sequencing of viral challenge stocks produced by BIOQUAL labs","SRS7455371","","27.82","1","499792","125447711","0825201300-1","WGS","VIRAL RNA","PCR"
"SRX9122017","WGS of SARS-COV-2","Severe acute respiratory syndrome coronavirus 2","NextSeq 550","Seoul National University Hospital","SRP282375","WGS_SARS-CoV-2","SRS7364492","","662.25","1","10879066","3248972707","C10","WGS","GENOMIC","PCR"
"SRX9122012","WGS of SARS-COV-2","Severe acute respiratory syndrome coronavirus 2","NextSeq 550","Seoul National University Hospital","SRP282375","WGS_SARS-CoV-2","SRS7364487","","188.38","1","1320139","392329899","3","WGS","GENOMIC","PCR"
"SRX9312935","WGS of SARS-CoV-2 from Palestine: Isolate 23","Severe acute respiratory syndrome coronavirus 2","NextSeq 550","ucl","SRP287708","69 Palestine SARS-CoV-2 isolates","SRS7537901","","2.24","1","57668","8438484","Library_23","WGS","VIRAL RNA","RANDOM"
"SRX9312930","WGS of SARS-CoV-2 from Palestine: Isolate 15","Severe acute respiratory syndrome coronavirus 2","NextSeq 550","ucl","SRP287708","69 Palestine SARS-CoV-2 isolates","SRS7537896","","31.31","1","874566","128005477","Library_15","WGS","VIRAL RNA","RANDOM"
"ERX4588657","Illumina MiSeq paired end sequencing; COG-UK/LOND-1286FF1/LOND_BART:200918_M04910_0345_000000000-J8KWJ","Severe acute respiratory syndrome coronavirus 2","Illumina MiSeq","Barts Health NHS Trust","ERP121228","COVID-19 Genomics UK (COG-UK) consortium","ERS5141076","","42.51","1","607328","146204684","","WGS","VIRAL RNA","PCR"
"ERX4582900","Illumina MiSeq paired end sequencing; COG-UK/LOND-1286FB5/LOND_BART:200703_M04910_0310_000000000-J5556","Severe acute respiratory syndrome coronavirus 2","Illumina MiSeq","Barts Health NHS Trust","ERP121228","COVID-19 Genomics UK (COG-UK) consortium","ERS5136277","","78.3","1","1022877","282661732","","WGS","VIRAL RNA","PCR"
"SRX9221677","ARTIC Sequencing of hCoV-19 Challenge Stock: 071420-1000_Rep2","Severe acute respiratory syndrome coronavirus 2","Illumina MiSeq","UW-Madison","SRP285952","SARS-CoV-2 Deep Sequencing of viral challenge stocks produced by BIOQUAL labs","SRS7455378","","32.89","1","499603","125400271","0714201000-2","WGS","VIRAL RNA","PCR"
"SRX9312955","WGS of SARS-CoV-2 from Palestine: Isolate 46","Severe acute respiratory syndrome coronavirus 2","NextSeq 550","ucl","SRP287708","69 Palestine SARS-CoV-2 isolates","SRS7537921","","9.07","1","261324","38255363","Library_46","WGS","VIRAL RNA","RANDOM"
"SRX9312950","WGS of SARS-CoV-2 from Palestine: Isolate 42","Severe acute respiratory syndrome coronavirus 2","NextSeq 550","ucl","SRP287708","69 Palestine SARS-CoV-2 isolates","SRS7537916","","1.15","1","24864","3639282","Library_42","WGS","VIRAL RNA","RANDOM"
"SRX9312943","WGS of SARS-CoV-2 from Palestine: Isolate 33","Severe acute respiratory syndrome coronavirus 2","NextSeq 550","ucl","SRP287708","69 Palestine SARS-CoV-2 isolates","SRS7537909","","161.31","1","4590497","667161567","Library_33","WGS","VIRAL RNA","RANDOM"
"SRX9312937","WGS of SARS-CoV-2 from Palestine: Isolate 28","Severe acute respiratory syndrome coronavirus 2","NextSeq 550","ucl","SRP287708","69 Palestine SARS-CoV-2 isolates","SRS7537903","","2.27","1","56088","8181297","Library_28","WGS","VIRAL RNA","RANDOM"
"SRX9312975","WGS of SARS-CoV-2 from Palestine: Isolate 72","Severe acute respiratory syndrome coronavirus 2","NextSeq 550","ucl","SRP287708","69 Palestine SARS-CoV-2 isolates","SRS7537941","","203.1","1","5886546","861064663","Library_72","WGS","VIRAL RNA","RANDOM"
"SRX9312970","WGS of SARS-CoV-2 from Palestine: Isolate 68","Severe acute respiratory syndrome coronavirus 2","NextSeq 550","ucl","SRP287708","69 Palestine SARS-CoV-2 isolates","SRS7537936","","58","1","1706396","249472646","Library_68","WGS","VIRAL RNA","RANDOM"
"SRX9312965","WGS of SARS-CoV-2 from Palestine: Isolate 60","Severe acute respiratory syndrome coronavirus 2","NextSeq 550","ucl","SRP287708","69 Palestine SARS-CoV-2 isolates","SRS7537931","","38.15","1","1087572","159091402","Library_60","WGS","VIRAL RNA","RANDOM"
"SRX9312961","WGS of SARS-CoV-2 from Palestine: Isolate 52","Severe acute respiratory syndrome coronavirus 2","NextSeq 550","ucl","SRP287708","69 Palestine SARS-CoV-2 isolates","SRS7537927","","9.9","1","275140","40141888","Library_52","WGS","VIRAL RNA","RANDOM"
"SRX9312957","WGS of SARS-CoV-2 from Palestine: Isolate 48","Severe acute respiratory syndrome coronavirus 2","NextSeq 550","ucl","SRP287708","69 Palestine SARS-CoV-2 isolates","SRS7537923","","29.58","1","862810","126214583","Library_48","WGS","VIRAL RNA","RANDOM"
"SRX9312994","WGS of SARS-CoV-2 from Palestine: Isolate 11","Severe acute respiratory syndrome coronavirus 2","NextSeq 550","ucl","SRP287708","69 Palestine SARS-CoV-2 isolates","SRS7537960","","519.12","1","14351072","2102272218","Library_11","WGS","VIRAL RNA","RANDOM"
"SRX9312988","WGS of SARS-CoV-2 from Palestine: Isolate 88","Severe acute respiratory syndrome coronavirus 2","NextSeq 550","ucl","SRP287708","69 Palestine SARS-CoV-2 isolates","SRS7537954","","4.81","1","153035","22408891","Library_88","WGS","VIRAL RNA","RANDOM"
"SRX9312981","WGS of SARS-CoV-2 from Palestine: Isolate 78","Severe acute respiratory syndrome coronavirus 2","NextSeq 550","ucl","SRP287708","69 Palestine SARS-CoV-2 isolates","SRS7537947","","4.07","1","121720","17786889","Library_78","WGS","VIRAL RNA","RANDOM"
"SRX9312976","WGS of SARS-CoV-2 from Palestine: Isolate 73","Severe acute respiratory syndrome coronavirus 2","NextSeq 550","ucl","SRP287708","69 Palestine SARS-CoV-2 isolates","SRS7537942","","71.86","1","2136357","312341510","Library_73","WGS","VIRAL RNA","RANDOM"
"ERX4614031","Illumina MiSeq sequencing; COG-UK/LOND-124D8FB/LOND_UCLH:200930_M03972_0274_000000000-J4LRV","Severe acute respiratory syndrome coronavirus 2","Illumina MiSeq","","ERP121228","COVID-19 Genomics UK (COG-UK) consortium","ERS5217105","","7.32","1","97009","29911140","","WGS","GENOMIC","PCR"
"ERX4613962","Illumina MiSeq sequencing; COG-UK/LOND-124E159/LOND_UCLH:200825_M03972_0267_000000000-CNRB4","Severe acute respiratory syndrome coronavirus 2","Illumina MiSeq","","ERP121228","COVID-19 Genomics UK (COG-UK) consortium","ERS5217034","","90.91","1","1034636","353897956","","WGS","GENOMIC","PCR"
"ERX4613654","Illumina MiSeq sequencing; COG-UK/LOND-124D8DD/LOND_UCLH:200930_M03972_0274_000000000-J4LRV","Severe acute respiratory syndrome coronavirus 2","Illumina MiSeq","","ERP121228","COVID-19 Genomics UK (COG-UK) consortium","ERS5216725","","31.2","1","375522","140139778","","WGS","GENOMIC","PCR"
"ERX4613505","Illumina MiSeq sequencing; COG-UK/LOND-12870DF/LOND_BART:201012_M04910_0354_000000000-G5TYN","Severe acute respiratory syndrome coronavirus 2","Illumina MiSeq","Barts Health NHS Trust","ERP121228","COVID-19 Genomics UK (COG-UK) consortium","ERS5216570","","22.07","1","226190","60168523","","WGS","VIRAL RNA","PCR"
"SRX9312996","WGS of SARS-CoV-2 from Palestine: Isolate 14","Severe acute respiratory syndrome coronavirus 2","NextSeq 550","ucl","SRP287708","69 Palestine SARS-CoV-2 isolates","SRS7537962","","409.72","1","10647451","1557256139","Library_14","WGS","VIRAL RNA","RANDOM"
"ERX4614888","Illumina MiSeq sequencing; COG-UK/LOND-124DB89/LOND_UCLH:200930_M03972_0274_000000000-J4LRV","Severe acute respiratory syndrome coronavirus 2","Illumina MiSeq","","ERP121228","COVID-19 Genomics UK (COG-UK) consortium","ERS5217963","","13.39","1","166645","58156137","","WGS","GENOMIC","PCR"
"ERX4614577","Illumina MiSeq sequencing; COG-UK/LOND-124DCE0/LOND_UCLH:200930_M03972_0274_000000000-J4LRV","Severe acute respiratory syndrome coronavirus 2","Illumina MiSeq","","ERP121228","COVID-19 Genomics UK (COG-UK) consortium","ERS5217654","","15.26","1","194501","64839179","","WGS","GENOMIC","PCR"
"ERX4614521","Illumina MiSeq sequencing; COG-UK/LOND-124DAAA/LOND_UCLH:200930_M03972_0274_000000000-J4LRV","Severe acute respiratory syndrome coronavirus 2","Illumina MiSeq","","ERP121228","COVID-19 Genomics UK (COG-UK) consortium","ERS5217598","","14.11","1","177285","61245179","","WGS","GENOMIC","PCR"
"ERX4614264","Illumina MiSeq sequencing; COG-UK/LOND-124E177/LOND_UCLH:200825_M03972_0267_000000000-CNRB4","Severe acute respiratory syndrome coronavirus 2","Illumina MiSeq","","ERP121228","COVID-19 Genomics UK (COG-UK) consortium","ERS5217342","","65.35","1","770380","260897728","","WGS","GENOMIC","PCR"
"ERX4614104","Illumina MiSeq sequencing; COG-UK/LOND-1287084/LOND_BART:201012_M04910_0354_000000000-G5TYN","Severe acute respiratory syndrome coronavirus 2","Illumina MiSeq","Barts Health NHS Trust","ERP121228","COVID-19 Genomics UK (COG-UK) consortium","ERS5217179","","21.51","1","212518","60293770","","WGS","VIRAL RNA","PCR"
"ERX4614100","Illumina MiSeq sequencing; COG-UK/LOND-124E168/LOND_UCLH:200825_M03972_0267_000000000-CNRB4","Severe acute respiratory syndrome coronavirus 2","Illumina MiSeq","","ERP121228","COVID-19 Genomics UK (COG-UK) consortium","ERS5217175","","99.45","1","1138397","394501781","","WGS","GENOMIC","PCR"
"ERX4615642","Illumina MiSeq sequencing; COG-UK/LOND-124E1FF/LOND_UCLH:200825_M03972_0267_000000000-CNRB4","Severe acute respiratory syndrome coronavirus 2","Illumina MiSeq","","ERP121228","COVID-19 Genomics UK (COG-UK) consortium","ERS5218710","","37.12","1","446263","146545875","","WGS","GENOMIC","PCR"
"ERX4615486","Illumina MiSeq sequencing; COG-UK/LOND-124DB01/LOND_UCLH:200930_M03972_0274_000000000-J4LRV","Severe acute respiratory syndrome coronavirus 2","Illumina MiSeq","","ERP121228","COVID-19 Genomics UK (COG-UK) consortium","ERS5218554","","8.35","1","105579","35147537","","WGS","GENOMIC","PCR"
"ERX4615417","Illumina MiSeq sequencing; COG-UK/LOND-124E1A4/LOND_UCLH:200825_M03972_0267_000000000-CNRB4","Severe acute respiratory syndrome coronavirus 2","Illumina MiSeq","","ERP121228","COVID-19 Genomics UK (COG-UK) consortium","ERS5218487","","48.05","1","537886","190935623","","WGS","GENOMIC","PCR"
"ERX4615299","Illumina MiSeq sequencing; COG-UK/LOND-124E1B3/LOND_UCLH:200825_M03972_0267_000000000-CNRB4","Severe acute respiratory syndrome coronavirus 2","Illumina MiSeq","","ERP121228","COVID-19 Genomics UK (COG-UK) consortium","ERS5218370","","31.08","1","363082","121524436","","WGS","GENOMIC","PCR"
"ERX4615096","Illumina MiSeq sequencing; COG-UK/LOND-124DA6E/LOND_UCLH:200930_M03972_0274_000000000-J4LRV","Severe acute respiratory syndrome coronavirus 2","Illumina MiSeq","","ERP121228","COVID-19 Genomics UK (COG-UK) consortium","ERS5218172","","6.98","1","88495","29749167","","WGS","GENOMIC","PCR"
"ERX4614951","Illumina MiSeq sequencing; COG-UK/LOND-124D961/LOND_UCLH:200930_M03972_0274_000000000-J4LRV","Severe acute respiratory syndrome coronavirus 2","Illumina MiSeq","","ERP121228","COVID-19 Genomics UK (COG-UK) consortium","ERS5218027","","10.46","1","122371","44990705","","WGS","GENOMIC","PCR"
"SRX9471244","Nanopore sequencing of SARS-CoV-2 patient isolate","Severe acute respiratory syndrome coronavirus 2","PromethION","The Garvan Institute","SRP292060","Severe acute respiratory syndrome coronavirus 2 Raw sequence reads","SRS7681594","","170.63","1","189182","226816890","nCoV_098","WGS","VIRAL RNA","PCR"
"SRX9471243","Nanopore sequencing of SARS-CoV-2 patient isolate","Severe acute respiratory syndrome coronavirus 2","PromethION","The Garvan Institute","SRP292060","Severe acute respiratory syndrome coronavirus 2 Raw sequence reads","SRS7681593","","134.11","1","151499","178069494","nCoV_090","WGS","VIRAL RNA","PCR"
"SRX9471242","Nanopore sequencing of SARS-CoV-2 patient isolate","Severe acute respiratory syndrome coronavirus 2","PromethION","The Garvan Institute","SRP292060","Severe acute respiratory syndrome coronavirus 2 Raw sequence reads","SRS7681592","","79.13","1","90101","104853354","nCoV_089","WGS","VIRAL RNA","PCR"
"SRX9471234","Nanopore sequencing of SARS-CoV-2 patient isolate","Severe acute respiratory syndrome coronavirus 2","PromethION","The Garvan Institute","SRP292060","Severe acute respiratory syndrome coronavirus 2 Raw sequence reads","SRS7681584","","11.31","1","5698","14894701","nCoV_022","WGS","VIRAL RNA","PCR"
"ERX4632587","Illumina MiSeq paired end sequencing; COG-UK/LOND-124D925/LOND_UCLH:200930_M03972_0274_000000000-J4LRV","Severe acute respiratory syndrome coronavirus 2","Illumina MiSeq","","ERP121228","COVID-19 Genomics UK (COG-UK) consortium","ERS5246027","","9.59","1","116195","40718560","","WGS","GENOMIC","PCR"
"ERX4615702","Illumina MiSeq sequencing; COG-UK/LOND-1287109/LOND_BART:201014_M04910_0355_000000000-G5TPY","Severe acute respiratory syndrome coronavirus 2","Illumina MiSeq","Barts Health NHS Trust","ERP121228","COVID-19 Genomics UK (COG-UK) consortium","ERS5218769","","18.89","1","283092","79111815","","WGS","VIRAL RNA","PCR"
"ERX4615657","Illumina MiSeq sequencing; COG-UK/LOND-124DA9B/LOND_UCLH:200930_M03972_0274_000000000-J4LRV","Severe acute respiratory syndrome coronavirus 2","Illumina MiSeq","","ERP121228","COVID-19 Genomics UK (COG-UK) consortium","ERS5218724","","9.89","1","122479","41115095","","WGS","GENOMIC","PCR"
"SRX9471264","Nanopore sequencing of SARS-CoV-2 patient isolate","Severe acute respiratory syndrome coronavirus 2","PromethION","The Garvan Institute","SRP292060","Severe acute respiratory syndrome coronavirus 2 Raw sequence reads","SRS7681614","","112.45","1","128286","150265382","nCoV_154","WGS","VIRAL RNA","PCR"
"SRX9471262","Nanopore sequencing of SARS-CoV-2 patient isolate","Severe acute respiratory syndrome coronavirus 2","PromethION","The Garvan Institute","SRP292060","Severe acute respiratory syndrome coronavirus 2 Raw sequence reads","SRS7681612","","202.78","1","251332","266134882","nCoV_149","WGS","VIRAL RNA","PCR"
"SRX9471257","Nanopore sequencing of SARS-CoV-2 patient isolate","Severe acute respiratory syndrome coronavirus 2","PromethION","The Garvan Institute","SRP292060","Severe acute respiratory syndrome coronavirus 2 Raw sequence reads","SRS7681607","","62.56","1","75485","83632114","nCoV_131","WGS","VIRAL RNA","PCR"
"SRX9471253","Nanopore sequencing of SARS-CoV-2 patient isolate","Severe acute respiratory syndrome coronavirus 2","PromethION","The Garvan Institute","SRP292060","Severe acute respiratory syndrome coronavirus 2 Raw sequence reads","SRS7681603","","46.91","1","52941","63239586","nCoV_111","WGS","VIRAL RNA","PCR"
"SRX9471247","Nanopore sequencing of SARS-CoV-2 patient isolate","Severe acute respiratory syndrome coronavirus 2","PromethION","The Garvan Institute","SRP292060","Severe acute respiratory syndrome coronavirus 2 Raw sequence reads","SRS7681597","","36.17","1","41596","48565191","nCoV_101","WGS","VIRAL RNA","PCR"
"SRX9471246","Nanopore sequencing of SARS-CoV-2 patient isolate","Severe acute respiratory syndrome coronavirus 2","PromethION","The Garvan Institute","SRP292060","Severe acute respiratory syndrome coronavirus 2 Raw sequence reads","SRS7681596","","44.95","1","49363","60581855","nCoV_100","WGS","VIRAL RNA","PCR"
"SRX9471284","Nanopore sequencing of SARS-CoV-2 patient isolate","Severe acute respiratory syndrome coronavirus 2","PromethION","The Garvan Institute","SRP292060","Severe acute respiratory syndrome coronavirus 2 Raw sequence reads","SRS7681634","","133.46","1","154752","175580996","nCoV_214","WGS","VIRAL RNA","PCR"
"SRX9471280","Nanopore sequencing of SARS-CoV-2 patient isolate","Severe acute respiratory syndrome coronavirus 2","PromethION","The Garvan Institute","SRP292060","Severe acute respiratory syndrome coronavirus 2 Raw sequence reads","SRS7681630","","204.77","1","233636","269401305","nCoV_206","WGS","VIRAL RNA","PCR"
"SRX9471279","Nanopore sequencing of SARS-CoV-2 patient isolate","Severe acute respiratory syndrome coronavirus 2","PromethION","The Garvan Institute","SRP292060","Severe acute respiratory syndrome coronavirus 2 Raw sequence reads","SRS7681629","","94.71","1","114783","125066512","nCoV_204","WGS","VIRAL RNA","PCR"
"SRX9471278","Nanopore sequencing of SARS-CoV-2 patient isolate","Severe acute respiratory syndrome coronavirus 2","PromethION","The Garvan Institute","SRP292060","Severe acute respiratory syndrome coronavirus 2 Raw sequence reads","SRS7681628","","31.52","1","37518","41585176","nCoV_203","WGS","VIRAL RNA","PCR"
"SRX9471273","Nanopore sequencing of SARS-CoV-2 patient isolate","Severe acute respiratory syndrome coronavirus 2","PromethION","The Garvan Institute","SRP292060","Severe acute respiratory syndrome coronavirus 2 Raw sequence reads","SRS7681623","","61.98","1","71351","82201978","nCoV_198","WGS","VIRAL RNA","PCR"
"SRX9471270","Nanopore sequencing of SARS-CoV-2 patient isolate","Severe acute respiratory syndrome coronavirus 2","PromethION","The Garvan Institute","SRP292060","Severe acute respiratory syndrome coronavirus 2 Raw sequence reads","SRS7681620","","84.91","1","97144","112582841","nCoV_195","WGS","VIRAL RNA","PCR"
"SRX9471268","Nanopore sequencing of SARS-CoV-2 patient isolate","Severe acute respiratory syndrome coronavirus 2","PromethION","The Garvan Institute","SRP292060","Severe acute respiratory syndrome coronavirus 2 Raw sequence reads","SRS7681618","","157.95","1","186665","210959345","nCoV_192","WGS","VIRAL RNA","PCR"
"SRX9471266","Nanopore sequencing of SARS-CoV-2 patient isolate","Severe acute respiratory syndrome coronavirus 2","PromethION","The Garvan Institute","SRP292060","Severe acute respiratory syndrome coronavirus 2 Raw sequence reads","SRS7681616","","99.63","1","114902","132960951","nCoV_156","WGS","VIRAL RNA","PCR"
"SRX9471304","Nanopore sequencing of SARS-CoV-2 patient isolate","Severe acute respiratory syndrome coronavirus 2","PromethION","The Garvan Institute","SRP292060","Severe acute respiratory syndrome coronavirus 2 Raw sequence reads","SRS7681654","","116.54","1","134873","153180504","nCoV_236","WGS","VIRAL RNA","PCR"
"SRX9471300","Nanopore sequencing of SARS-CoV-2 patient isolate","Severe acute respiratory syndrome coronavirus 2","PromethION","The Garvan Institute","SRP292060","Severe acute respiratory syndrome coronavirus 2 Raw sequence reads","SRS7681650","","137.92","1","160052","181977895","nCoV_232","WGS","VIRAL RNA","PCR"
"SRX9471293","Nanopore sequencing of SARS-CoV-2 patient isolate","Severe acute respiratory syndrome coronavirus 2","PromethION","The Garvan Institute","SRP292060","Severe acute respiratory syndrome coronavirus 2 Raw sequence reads","SRS7681643","","96.29","1","114205","126913111","nCoV_224","WGS","VIRAL RNA","PCR"
"SRX9471287","Nanopore sequencing of SARS-CoV-2 patient isolate","Severe acute respiratory syndrome coronavirus 2","PromethION","The Garvan Institute","SRP292060","Severe acute respiratory syndrome coronavirus 2 Raw sequence reads","SRS7681637","","102.59","1","120504","134911318","nCoV_218","WGS","VIRAL RNA","PCR"
"SRX9471324","Nanopore sequencing of SARS-CoV-2 patient isolate","Severe acute respiratory syndrome coronavirus 2","PromethION","The Garvan Institute","SRP292060","Severe acute respiratory syndrome coronavirus 2 Raw sequence reads","SRS7681674","","61.52","1","70134","80521991","nCoV_258","WGS","VIRAL RNA","PCR"
"SRX9471318","Nanopore sequencing of SARS-CoV-2 patient isolate","Severe acute respiratory syndrome coronavirus 2","PromethION","The Garvan Institute","SRP292060","Severe acute respiratory syndrome coronavirus 2 Raw sequence reads","SRS7681668","","416.54","1","479827","539388660","nCoV_252","WGS","VIRAL RNA","PCR"
"SRX9471316","Nanopore sequencing of SARS-CoV-2 patient isolate","Severe acute respiratory syndrome coronavirus 2","PromethION","The Garvan Institute","SRP292060","Severe acute respiratory syndrome coronavirus 2 Raw sequence reads","SRS7681666","","358.43","1","395622","465645253","nCoV_250","WGS","VIRAL RNA","PCR"
"SRX9471310","Nanopore sequencing of SARS-CoV-2 patient isolate","Severe acute respiratory syndrome coronavirus 2","PromethION","The Garvan Institute","SRP292060","Severe acute respiratory syndrome coronavirus 2 Raw sequence reads","SRS7681660","","9.65","1","4840","12676743","nCoV_026","WGS","VIRAL RNA","PCR"
"SRX9471305","Nanopore sequencing of SARS-CoV-2 patient isolate","Severe acute respiratory syndrome coronavirus 2","PromethION","The Garvan Institute","SRP292060","Severe acute respiratory syndrome coronavirus 2 Raw sequence reads","SRS7681655","","119.39","1","135940","156877896","nCoV_237","WGS","VIRAL RNA","PCR"
"SRX9471344","Nanopore sequencing of SARS-CoV-2 patient isolate","Severe acute respiratory syndrome coronavirus 2","PromethION","The Garvan Institute","SRP292060","Severe acute respiratory syndrome coronavirus 2 Raw sequence reads","SRS7681694","","12.83","1","6491","16961110","nCoV_014","WGS","VIRAL RNA","PCR"
"SRX9471342","Nanopore sequencing of SARS-CoV-2 patient isolate","Severe acute respiratory syndrome coronavirus 2","PromethION","The Garvan Institute","SRP292060","Severe acute respiratory syndrome coronavirus 2 Raw sequence reads","SRS7681692","","133.8","1","155711","177083798","nCoV_042","WGS","VIRAL RNA","PCR"
"SRX9471339","Nanopore sequencing of SARS-CoV-2 patient isolate","Severe acute respiratory syndrome coronavirus 2","PromethION","The Garvan Institute","SRP292060","Severe acute respiratory syndrome coronavirus 2 Raw sequence reads","SRS7681689","","12.09","1","7812","15812692","nCoV_039","WGS","VIRAL RNA","PCR"
"SRX9471335","Nanopore sequencing of SARS-CoV-2 patient isolate","Severe acute respiratory syndrome coronavirus 2","PromethION","The Garvan Institute","SRP292060","Severe acute respiratory syndrome coronavirus 2 Raw sequence reads","SRS7681685","","14.87","1","11212","19426666","nCoV_035","WGS","VIRAL RNA","PCR"
"SRX9471330","Nanopore sequencing of SARS-CoV-2 patient isolate","Severe acute respiratory syndrome coronavirus 2","PromethION","The Garvan Institute","SRP292060","Severe acute respiratory syndrome coronavirus 2 Raw sequence reads","SRS7681680","","13.88","1","9549","18162810","nCoV_030","WGS","VIRAL RNA","PCR"
"SRX9471325","Nanopore sequencing of SARS-CoV-2 patient isolate","Severe acute respiratory syndrome coronavirus 2","PromethION","The Garvan Institute","SRP292060","Severe acute respiratory syndrome coronavirus 2 Raw sequence reads","SRS7681675","","51.73","1","60011","67539127","nCoV_259","WGS","VIRAL RNA","PCR"
"SRX9471364","Nanopore sequencing of SARS-CoV-2 patient isolate","Severe acute respiratory syndrome coronavirus 2","PromethION","The Garvan Institute","SRP292060","Severe acute respiratory syndrome coronavirus 2 Raw sequence reads","SRS7681714","","104.14","1","117699","139378150","nCoV_158","WGS","VIRAL RNA","PCR"
"SRX9471360","Nanopore sequencing of SARS-CoV-2 patient isolate","Severe acute respiratory syndrome coronavirus 2","PromethION","The Garvan Institute","SRP292060","Severe acute respiratory syndrome coronavirus 2 Raw sequence reads","SRS7681711","","33.76","1","35068","45715428","nCoV_069","WGS","VIRAL RNA","PCR"
"SRX9471357","Nanopore sequencing of SARS-CoV-2 patient isolate","Severe acute respiratory syndrome coronavirus 2","PromethION","The Garvan Institute","SRP292060","Severe acute respiratory syndrome coronavirus 2 Raw sequence reads","SRS7681708","","42.2","1","48594","57023700","nCoV_063","WGS","VIRAL RNA","PCR"
"SRX9471355","Nanopore sequencing of SARS-CoV-2 patient isolate","Severe acute respiratory syndrome coronavirus 2","PromethION","The Garvan Institute","SRP292060","Severe acute respiratory syndrome coronavirus 2 Raw sequence reads","SRS7681705","","13.9","1","7050","18419059","nCoV_015","WGS","VIRAL RNA","PCR"
"SRX9471350","Nanopore sequencing of SARS-CoV-2 patient isolate","Severe acute respiratory syndrome coronavirus 2","PromethION","The Garvan Institute","SRP292060","Severe acute respiratory syndrome coronavirus 2 Raw sequence reads","SRS7681700","","92.6","1","106062","122897895","nCoV_049","WGS","VIRAL RNA","PCR"
"SRX9471345","Nanopore sequencing of SARS-CoV-2 patient isolate","Severe acute respiratory syndrome coronavirus 2","PromethION","The Garvan Institute","SRP292060","Severe acute respiratory syndrome coronavirus 2 Raw sequence reads","SRS7681695","","123.94","1","153969","162997887","nCoV_044","WGS","VIRAL RNA","PCR"
"SRX9471384","Nanopore sequencing of SARS-CoV-2 patient isolate","Severe acute respiratory syndrome coronavirus 2","PromethION","The Garvan Institute","SRP292060","Severe acute respiratory syndrome coronavirus 2 Raw sequence reads","SRS7681734","","142.09","1","168034","189653479","nCoV_183","WGS","VIRAL RNA","PCR"
"SRX9471379","Nanopore sequencing of SARS-CoV-2 patient isolate","Severe acute respiratory syndrome coronavirus 2","PromethION","The Garvan Institute","SRP292060","Severe acute respiratory syndrome coronavirus 2 Raw sequence reads","SRS7681729","","51.52","1","57208","67606517","nCoV_176","WGS","VIRAL RNA","PCR"
"SRX9471378","Nanopore sequencing of SARS-CoV-2 patient isolate","Severe acute respiratory syndrome coronavirus 2","PromethION","The Garvan Institute","SRP292060","Severe acute respiratory syndrome coronavirus 2 Raw sequence reads","SRS7681728","","11.88","1","5992","15645282","nCoV_021","WGS","VIRAL RNA","PCR"
"SRX9471374","Nanopore sequencing of SARS-CoV-2 patient isolate","Severe acute respiratory syndrome coronavirus 2","PromethION","The Garvan Institute","SRP292060","Severe acute respiratory syndrome coronavirus 2 Raw sequence reads","SRS7681724","","69.51","1","79009","91313054","nCoV_172","WGS","VIRAL RNA","PCR"
"SRX9471369","Nanopore sequencing of SARS-CoV-2 patient isolate","Severe acute respiratory syndrome coronavirus 2","PromethION","The Garvan Institute","SRP292060","Severe acute respiratory syndrome coronavirus 2 Raw sequence reads","SRS7681719","","51.23","1","59558","68381953","nCoV_166","WGS","VIRAL RNA","PCR"
"SRX9471367","Nanopore sequencing of SARS-CoV-2 patient isolate","Severe acute respiratory syndrome coronavirus 2","PromethION","The Garvan Institute","SRP292060","Severe acute respiratory syndrome coronavirus 2 Raw sequence reads","SRS7681717","","9.84","1","4950","12936496","nCoV_020","WGS","VIRAL RNA","PCR"
"SRX9471366","Nanopore sequencing of SARS-CoV-2 patient isolate","Severe acute respiratory syndrome coronavirus 2","PromethION","The Garvan Institute","SRP292060","Severe acute respiratory syndrome coronavirus 2 Raw sequence reads","SRS7681715","","122.2","1","149737","162668391","nCoV_163","WGS","VIRAL RNA","PCR"
"ERX4758198","Illumina MiSeq sequencing; COG-UK/LOND-125086E/LOND_UCLH:201106_M03972_0287_000000000-J3L5M","Severe acute respiratory syndrome coronavirus 2","Illumina MiSeq","","ERP121228","COVID-19 Genomics UK (COG-UK) consortium","ERS5416603","","21.38","1","277839","90568762","","WGS","GENOMIC","PCR"
"ERX4758183","Illumina MiSeq sequencing; COG-UK/LOND-1250813/LOND_UCLH:201106_M03972_0287_000000000-J3L5M","Severe acute respiratory syndrome coronavirus 2","Illumina MiSeq","","ERP121228","COVID-19 Genomics UK (COG-UK) consortium","ERS5416588","","3.83","1","42334","15234765","","WGS","GENOMIC","PCR"
"ERX4758167","Illumina MiSeq sequencing; COG-UK/LOND-124F158/LOND_UCLH:201015_M03972_0280_000000000-J4RF9","Severe acute respiratory syndrome coronavirus 2","Illumina MiSeq","","ERP121228","COVID-19 Genomics UK (COG-UK) consortium","ERS5416572","","45.4","1","541437","188462082","","WGS","GENOMIC","PCR"
"ERX4758165","Illumina MiSeq sequencing; COG-UK/LOND-1251065/LOND_UCLH:201122_M03972_0292_000000000-JDG2M","Severe acute respiratory syndrome coronavirus 2","Illumina MiSeq","","ERP121228","COVID-19 Genomics UK (COG-UK) consortium","ERS5416570","","5.3","1","86866","22847506","","WGS","GENOMIC","PCR"
"ERX4758149","Illumina MiSeq sequencing; COG-UK/LOND-124F4AA/LOND_UCLH:201015_M03972_0280_000000000-J4RF9","Severe acute respiratory syndrome coronavirus 2","Illumina MiSeq","","ERP121228","COVID-19 Genomics UK (COG-UK) consortium","ERS5416555","","40.62","1","493232","161245132","","WGS","GENOMIC","PCR"
"ERX4758109","Illumina MiSeq sequencing; COG-UK/LOND-124F1B2/LOND_UCLH:201015_M03972_0280_000000000-J4RF9","Severe acute respiratory syndrome coronavirus 2","Illumina MiSeq","","ERP121228","COVID-19 Genomics UK (COG-UK) consortium","ERS5416515","","28.65","1","326137","117157119","","WGS","GENOMIC","PCR"
"ERX4758098","Illumina MiSeq sequencing; COG-UK/LOND-1250163/LOND_UCLH:201020_M03972_0281_000000000-J52YL","Severe acute respiratory syndrome coronavirus 2","Illumina MiSeq","","ERP121228","COVID-19 Genomics UK (COG-UK) consortium","ERS5416504","","62.66","1","675967","284477755","","WGS","GENOMIC","PCR"
"ERX4758085","Illumina MiSeq sequencing; COG-UK/LOND-1250585/LOND_UCLH:201102_M03972_0285_000000000-JCTGV","Severe acute respiratory syndrome coronavirus 2","Illumina MiSeq","","ERP121228","COVID-19 Genomics UK (COG-UK) consortium","ERS5416491","","21.47","1","294176","99717357","","WGS","GENOMIC","PCR"
"ERX4758041","Illumina MiSeq sequencing; COG-UK/LOND-1250057/LOND_UCLH:201020_M03972_0281_000000000-J52YL","Severe acute respiratory syndrome coronavirus 2","Illumina MiSeq","","ERP121228","COVID-19 Genomics UK (COG-UK) consortium","ERS5416461","","10.62","1","130667","47904438","","WGS","GENOMIC","PCR"
"SRX9537816","ARTIC Sequencing of hCoV-19 Challenge Stock: 061620-1000_Rep1","Severe acute respiratory syndrome coronavirus 2","Illumina MiSeq","UW-Madison","SRP285952","SARS-CoV-2 Deep Sequencing of viral challenge stocks produced by BIOQUAL labs","SRS7744056","","32.23","1","499990","173239893","BAR_20-14_SARS-CoV-2_Challenge_Rep1","WGS","VIRAL RNA","PCR"
"SRX9471386","Nanopore sequencing of SARS-CoV-2 patient isolate","Severe acute respiratory syndrome coronavirus 2","PromethION","The Garvan Institute","SRP292060","Severe acute respiratory syndrome coronavirus 2 Raw sequence reads","SRS7681736","","122.38","1","141985","163583833","nCoV_187","WGS","VIRAL RNA","PCR"
"ERX4758384","Illumina MiSeq sequencing; COG-UK/LOND-1250734/LOND_UCLH:201106_M03972_0287_000000000-J3L5M","Severe acute respiratory syndrome coronavirus 2","Illumina MiSeq","","ERP121228","COVID-19 Genomics UK (COG-UK) consortium","ERS5416786","","20.69","1","245624","85160265","","WGS","GENOMIC","PCR"
"ERX4758370","Illumina MiSeq sequencing; COG-UK/LOND-124FFF4/LOND_UCLH:201020_M03972_0281_000000000-J52YL","Severe acute respiratory syndrome coronavirus 2","Illumina MiSeq","","ERP121228","COVID-19 Genomics UK (COG-UK) consortium","ERS5416771","","23.25","1","287819","108370746","","WGS","GENOMIC","PCR"
"ERX4758342","Illumina MiSeq sequencing; COG-UK/LOND-124F2DD/LOND_UCLH:201015_M03972_0280_000000000-J4RF9","Severe acute respiratory syndrome coronavirus 2","Illumina MiSeq","","ERP121228","COVID-19 Genomics UK (COG-UK) consortium","ERS5416745","","16.03","1","199585","58422244","","WGS","GENOMIC","PCR"
"ERX4758238","Illumina MiSeq sequencing; COG-UK/LOND-124F747/LOND_UCLH:201010_M03972_0278_000000000-J3N6T","Severe acute respiratory syndrome coronavirus 2","Illumina MiSeq","","ERP121228","COVID-19 Genomics UK (COG-UK) consortium","ERS5416642","","8.89","1","118633","41272417","","WGS","GENOMIC","PCR"
"ERX4758216","Illumina MiSeq sequencing; COG-UK/LOND-1250CDB/LOND_UCLH:201120_M03972_0291_000000000-JDG4G","Severe acute respiratory syndrome coronavirus 2","Illumina MiSeq","","ERP121228","COVID-19 Genomics UK (COG-UK) consortium","ERS5416621","","12.59","1","154384","54006214","","WGS","GENOMIC","PCR"
"ERX4758629","Illumina MiSeq sequencing; COG-UK/LOND-1250BDE/LOND_UCLH:201120_M03972_0291_000000000-JDG4G","Severe acute respiratory syndrome coronavirus 2","Illumina MiSeq","","ERP121228","COVID-19 Genomics UK (COG-UK) consortium","ERS5417027","","29.1","1","360162","127874579","","WGS","GENOMIC","PCR"
"ERX4758581","Illumina MiSeq sequencing; COG-UK/LOND-1250DAB/LOND_UCLH:201120_M03972_0291_000000000-JDG4G","Severe acute respiratory syndrome coronavirus 2","Illumina MiSeq","","ERP121228","COVID-19 Genomics UK (COG-UK) consortium","ERS5416980","","27.73","1","321727","126926193","","WGS","GENOMIC","PCR"
"ERX4758555","Illumina MiSeq sequencing; COG-UK/LOND-1250B74/LOND_UCLH:201120_M03972_0291_000000000-JDG4G","Severe acute respiratory syndrome coronavirus 2","Illumina MiSeq","","ERP121228","COVID-19 Genomics UK (COG-UK) consortium","ERS5416954","","6.33","1","79967","27714496","","WGS","GENOMIC","PCR"
"ERX4758503","Illumina MiSeq sequencing; COG-UK/LOND-1250E3F/LOND_UCLH:201120_M03972_0291_000000000-JDG4G","Severe acute respiratory syndrome coronavirus 2","Illumina MiSeq","","ERP121228","COVID-19 Genomics UK (COG-UK) consortium","ERS5416903","","26.77","1","292372","118599998","","WGS","GENOMIC","PCR"
"ERX4758419","Illumina MiSeq sequencing; COG-UK/LOND-1250804/LOND_UCLH:201106_M03972_0287_000000000-J3L5M","Severe acute respiratory syndrome coronavirus 2","Illumina MiSeq","","ERP121228","COVID-19 Genomics UK (COG-UK) consortium","ERS5416819","","30.91","1","372489","130330508","","WGS","GENOMIC","PCR"
"ERX4758817","Illumina MiSeq sequencing; COG-UK/LOND-1250F78/LOND_UCLH:201122_M03972_0292_000000000-JDG2M","Severe acute respiratory syndrome coronavirus 2","Illumina MiSeq","","ERP121228","COVID-19 Genomics UK (COG-UK) consortium","ERS5417208","","8.37","1","132961","36760823","","WGS","GENOMIC","PCR"
"ERX4758808","Illumina MiSeq sequencing; COG-UK/LOND-1250D05/LOND_UCLH:201120_M03972_0291_000000000-JDG4G","Severe acute respiratory syndrome coronavirus 2","Illumina MiSeq","","ERP121228","COVID-19 Genomics UK (COG-UK) consortium","ERS5417200","","9.42","1","114492","40331670","","WGS","GENOMIC","PCR"
"ERX4758780","Illumina MiSeq sequencing; COG-UK/LOND-1250497/LOND_UCLH:201102_M03972_0285_000000000-JCTGV","Severe acute respiratory syndrome coronavirus 2","Illumina MiSeq","","ERP121228","COVID-19 Genomics UK (COG-UK) consortium","ERS5417172","","21.56","1","297267","100061307","","WGS","GENOMIC","PCR"
"ERX4758733","Illumina MiSeq sequencing; COG-UK/LOND-12503D6/LOND_UCLH:201102_M03972_0285_000000000-JCTGV","Severe acute respiratory syndrome coronavirus 2","Illumina MiSeq","","ERP121228","COVID-19 Genomics UK (COG-UK) consortium","ERS5417127","","14.35","1","194315","65363282","","WGS","GENOMIC","PCR"
"ERX4758690","Illumina MiSeq sequencing; COG-UK/LOND-124F99C/LOND_UCLH:201010_M03972_0278_000000000-J3N6T","Severe acute respiratory syndrome coronavirus 2","Illumina MiSeq","","ERP121228","COVID-19 Genomics UK (COG-UK) consortium","ERS5417084","","16.67","1","225724","79079301","","WGS","GENOMIC","PCR"
"ERX4758630","Illumina MiSeq sequencing; COG-UK/LOND-124F194/LOND_UCLH:201015_M03972_0280_000000000-J4RF9","Severe acute respiratory syndrome coronavirus 2","Illumina MiSeq","","ERP121228","COVID-19 Genomics UK (COG-UK) consortium","ERS5417028","","13.19","1","170552","47121261","","WGS","GENOMIC","PCR"
"ERX4759040","Illumina MiSeq sequencing; COG-UK/LOND-12513E4/LOND_UCLH:201122_M03972_0292_000000000-JDG2M","Severe acute respiratory syndrome coronavirus 2","Illumina MiSeq","","ERP121228","COVID-19 Genomics UK (COG-UK) consortium","ERS5417426","","22.06","1","359275","102454238","","WGS","GENOMIC","PCR"
"ERX4758983","Illumina MiSeq sequencing; COG-UK/LOND-124F914/LOND_UCLH:201010_M03972_0278_000000000-J3N6T","Severe acute respiratory syndrome coronavirus 2","Illumina MiSeq","","ERP121228","COVID-19 Genomics UK (COG-UK) consortium","ERS5417371","","7.1","1","87316","32323727","","WGS","GENOMIC","PCR"
"ERX4758908","Illumina MiSeq sequencing; COG-UK/LOND-1250BB0/LOND_UCLH:201120_M03972_0291_000000000-JDG4G","Severe acute respiratory syndrome coronavirus 2","Illumina MiSeq","","ERP121228","COVID-19 Genomics UK (COG-UK) consortium","ERS5417298","","23.48","1","277354","105741200","","WGS","GENOMIC","PCR"
"ERX4758865","Illumina MiSeq sequencing; COG-UK/LOND-124F46E/LOND_UCLH:201015_M03972_0280_000000000-J4RF9","Severe acute respiratory syndrome coronavirus 2","Illumina MiSeq","","ERP121228","COVID-19 Genomics UK (COG-UK) consortium","ERS5417256","","59.17","1","720586","238113346","","WGS","GENOMIC","PCR"
"ERX4758843","Illumina MiSeq sequencing; COG-UK/LOND-1250E6C/LOND_UCLH:201120_M03972_0291_000000000-JDG4G","Severe acute respiratory syndrome coronavirus 2","Illumina MiSeq","","ERP121228","COVID-19 Genomics UK (COG-UK) consortium","ERS5417235","","13.58","1","163906","59091621","","WGS","GENOMIC","PCR"
"ERX4759297","Illumina MiSeq sequencing; COG-UK/LOND-1250646/LOND_UCLH:201106_M03972_0287_000000000-J3L5M","Severe acute respiratory syndrome coronavirus 2","Illumina MiSeq","","ERP121228","COVID-19 Genomics UK (COG-UK) consortium","ERS5417682","","33.64","1","384481","142006372","","WGS","GENOMIC","PCR"
"ERX4759247","Illumina MiSeq sequencing; COG-UK/LOND-124FCDF/LOND_UCLH:201020_M03972_0281_000000000-J52YL","Severe acute respiratory syndrome coronavirus 2","Illumina MiSeq","","ERP121228","COVID-19 Genomics UK (COG-UK) consortium","ERS5417632","","6.56","1","78542","28849547","","WGS","GENOMIC","PCR"
"ERX4759235","Illumina MiSeq sequencing; COG-UK/LOND-125133F/LOND_UCLH:201122_M03972_0292_000000000-JDG2M","Severe acute respiratory syndrome coronavirus 2","Illumina MiSeq","","ERP121228","COVID-19 Genomics UK (COG-UK) consortium","ERS5417620","","6.15","1","98888","27134475","","WGS","GENOMIC","PCR"
"ERX4759217","Illumina MiSeq sequencing; COG-UK/LOND-124F5A7/LOND_UCLH:201015_M03972_0280_000000000-J4RF9","Severe acute respiratory syndrome coronavirus 2","Illumina MiSeq","","ERP121228","COVID-19 Genomics UK (COG-UK) consortium","ERS5417602","","16.88","1","208813","65199704","","WGS","GENOMIC","PCR"
"ERX4759108","Illumina MiSeq sequencing; COG-UK/LOND-1250D14/LOND_UCLH:201120_M03972_0291_000000000-JDG4G","Severe acute respiratory syndrome coronavirus 2","Illumina MiSeq","","ERP121228","COVID-19 Genomics UK (COG-UK) consortium","ERS5417494","","10.3","1","125309","46524113","","WGS","GENOMIC","PCR"
"ERX4759067","Illumina MiSeq sequencing; COG-UK/LOND-1250FC3/LOND_UCLH:201122_M03972_0292_000000000-JDG2M","Severe acute respiratory syndrome coronavirus 2","Illumina MiSeq","","ERP121228","COVID-19 Genomics UK (COG-UK) consortium","ERS5417453","","11.9","1","197473","56393907","","WGS","GENOMIC","PCR"
"ERX4759042","Illumina MiSeq sequencing; COG-UK/LOND-1250707/LOND_UCLH:201106_M03972_0287_000000000-J3L5M","Severe acute respiratory syndrome coronavirus 2","Illumina MiSeq","","ERP121228","COVID-19 Genomics UK (COG-UK) consortium","ERS5417428","","13.04","1","165996","53109965","","WGS","GENOMIC","PCR"
"ERX4759513","Illumina MiSeq sequencing; COG-UK/LOND-1251223/LOND_UCLH:201122_M03972_0292_000000000-JDG2M","Severe acute respiratory syndrome coronavirus 2","Illumina MiSeq","","ERP121228","COVID-19 Genomics UK (COG-UK) consortium","ERS5417891","","12.04","1","198594","56720949","","WGS","GENOMIC","PCR"
"ERX4759476","Illumina MiSeq sequencing; COG-UK/LOND-1250206/LOND_UCLH:201102_M03972_0285_000000000-JCTGV","Severe acute respiratory syndrome coronavirus 2","Illumina MiSeq","","ERP121228","COVID-19 Genomics UK (COG-UK) consortium","ERS5417857","","47.52","1","554479","233762143","","WGS","GENOMIC","PCR"
"ERX4759373","Illumina MiSeq sequencing; COG-UK/LOND-124F9AB/LOND_UCLH:201010_M03972_0278_000000000-J3N6T","Severe acute respiratory syndrome coronavirus 2","Illumina MiSeq","","ERP121228","COVID-19 Genomics UK (COG-UK) consortium","ERS5417757","","12.82","1","171396","61343029","","WGS","GENOMIC","PCR"
"ERX4759336","Illumina MiSeq sequencing; COG-UK/LOND-1250F5A/LOND_UCLH:201122_M03972_0292_000000000-JDG2M","Severe acute respiratory syndrome coronavirus 2","Illumina MiSeq","","ERP121228","COVID-19 Genomics UK (COG-UK) consortium","ERS5417720","","6.89","1","111823","30790770","","WGS","GENOMIC","PCR"
"ERX4759300","Illumina MiSeq sequencing; COG-UK/LOND-124FB69/LOND_UCLH:201010_M03972_0278_000000000-J3N6T","Severe acute respiratory syndrome coronavirus 2","Illumina MiSeq","","ERP121228","COVID-19 Genomics UK (COG-UK) consortium","ERS5417685","","4.33","1","55654","20089596","","WGS","GENOMIC","PCR"
"ERX4759687","Illumina MiSeq sequencing; COG-UK/LOND-124FA99/LOND_UCLH:201010_M03972_0278_000000000-J3N6T","Severe acute respiratory syndrome coronavirus 2","Illumina MiSeq","","ERP121228","COVID-19 Genomics UK (COG-UK) consortium","ERS5418061","","6.73","1","84921","32096203","","WGS","GENOMIC","PCR"
"ERX4759661","Illumina MiSeq sequencing; COG-UK/LOND-1251250/LOND_UCLH:201122_M03972_0292_000000000-JDG2M","Severe acute respiratory syndrome coronavirus 2","Illumina MiSeq","","ERP121228","COVID-19 Genomics UK (COG-UK) consortium","ERS5418035","","6.98","1","112025","30154716","","WGS","GENOMIC","PCR"
"ERX4759639","Illumina MiSeq sequencing; COG-UK/LOND-125085F/LOND_UCLH:201106_M03972_0287_000000000-J3L5M","Severe acute respiratory syndrome coronavirus 2","Illumina MiSeq","","ERP121228","COVID-19 Genomics UK (COG-UK) consortium","ERS5418015","","18.33","1","227197","76693504","","WGS","GENOMIC","PCR"
"ERX4759605","Illumina MiSeq sequencing; COG-UK/LOND-1250D41/LOND_UCLH:201120_M03972_0291_000000000-JDG4G","Severe acute respiratory syndrome coronavirus 2","Illumina MiSeq","","ERP121228","COVID-19 Genomics UK (COG-UK) consortium","ERS5417982","","18.44","1","205153","75857697","","WGS","GENOMIC","PCR"
"ERX4759516","Illumina MiSeq sequencing; COG-UK/LOND-1250242/LOND_UCLH:201102_M03972_0285_000000000-JCTGV","Severe acute respiratory syndrome coronavirus 2","Illumina MiSeq","","ERP121228","COVID-19 Genomics UK (COG-UK) consortium","ERS5417895","","6.74","1","95326","30307519","","WGS","GENOMIC","PCR"
"ERX4759950","Illumina MiSeq sequencing; COG-UK/LOND-1250C35/LOND_UCLH:201120_M03972_0291_000000000-JDG4G","Severe acute respiratory syndrome coronavirus 2","Illumina MiSeq","","ERP121228","COVID-19 Genomics UK (COG-UK) consortium","ERS5418317","","10.12","1","121481","44511231","","WGS","GENOMIC","PCR"
"ERX4759911","Illumina MiSeq sequencing; COG-UK/LOND-1250260/LOND_UCLH:201102_M03972_0285_000000000-JCTGV","Severe acute respiratory syndrome coronavirus 2","Illumina MiSeq","","ERP121228","COVID-19 Genomics UK (COG-UK) consortium","ERS5418280","","10.7","1","154215","48381600","","WGS","GENOMIC","PCR"
"ERX4759864","Illumina MiSeq sequencing; COG-UK/LOND-12502BB/LOND_UCLH:201102_M03972_0285_000000000-JCTGV","Severe acute respiratory syndrome coronavirus 2","Illumina MiSeq","","ERP121228","COVID-19 Genomics UK (COG-UK) consortium","ERS5418233","","14.39","1","195831","65102496","","WGS","GENOMIC","PCR"
"ERX4759846","Illumina MiSeq sequencing; COG-UK/LOND-124FB2D/LOND_UCLH:201010_M03972_0278_000000000-J3N6T","Severe acute respiratory syndrome coronavirus 2","Illumina MiSeq","","ERP121228","COVID-19 Genomics UK (COG-UK) consortium","ERS5418216","","15.09","1","201730","69690630","","WGS","GENOMIC","PCR"
"ERX4759787","Illumina MiSeq sequencing; COG-UK/LOND-124F7ED/LOND_UCLH:201010_M03972_0278_000000000-J3N6T","Severe acute respiratory syndrome coronavirus 2","Illumina MiSeq","","ERP121228","COVID-19 Genomics UK (COG-UK) consortium","ERS5418159","","1.29","1","16105","5257219","","WGS","GENOMIC","PCR"
"ERX4759714","Illumina MiSeq sequencing; COG-UK/LOND-125089B/LOND_UCLH:201106_M03972_0287_000000000-J3L5M","Severe acute respiratory syndrome coronavirus 2","Illumina MiSeq","","ERP121228","COVID-19 Genomics UK (COG-UK) consortium","ERS5418085","","20.72","1","253491","85974481","","WGS","GENOMIC","PCR"
"ERX4759696","Illumina MiSeq sequencing; COG-UK/LOND-1250D32/LOND_UCLH:201120_M03972_0291_000000000-JDG4G","Severe acute respiratory syndrome coronavirus 2","Illumina MiSeq","","ERP121228","COVID-19 Genomics UK (COG-UK) consortium","ERS5418069","","14.92","1","183459","66654901","","WGS","GENOMIC","PCR"
"ERX4760180","Illumina MiSeq sequencing; COG-UK/LOND-124F6C2/LOND_UCLH:201010_M03972_0278_000000000-J3N6T","Severe acute respiratory syndrome coronavirus 2","Illumina MiSeq","","ERP121228","COVID-19 Genomics UK (COG-UK) consortium","ERS5418543","","18.31","1","235328","85883911","","WGS","GENOMIC","PCR"
"ERX4760134","Illumina MiSeq sequencing; COG-UK/LOND-1250C62/LOND_UCLH:201120_M03972_0291_000000000-JDG4G","Severe acute respiratory syndrome coronavirus 2","Illumina MiSeq","","ERP121228","COVID-19 Genomics UK (COG-UK) consortium","ERS5418497","","7.15","1","88336","30756573","","WGS","GENOMIC","PCR"
"ERX4760088","Illumina MiSeq sequencing; COG-UK/LOND-1251302/LOND_UCLH:201122_M03972_0292_000000000-JDG2M","Severe acute respiratory syndrome coronavirus 2","Illumina MiSeq","","ERP121228","COVID-19 Genomics UK (COG-UK) consortium","ERS5418453","","15.25","1","256317","69925338","","WGS","GENOMIC","PCR"
"ERX4760027","Illumina MiSeq sequencing; COG-UK/LOND-124F1C1/LOND_UCLH:201015_M03972_0280_000000000-J4RF9","Severe acute respiratory syndrome coronavirus 2","Illumina MiSeq","","ERP121228","COVID-19 Genomics UK (COG-UK) consortium","ERS5418396","","15.3","1","189242","56941858","","WGS","GENOMIC","PCR"
"ERX4760003","Illumina MiSeq sequencing; COG-UK/LOND-124F1A3/LOND_UCLH:201015_M03972_0280_000000000-J4RF9","Severe acute respiratory syndrome coronavirus 2","Illumina MiSeq","","ERP121228","COVID-19 Genomics UK (COG-UK) consortium","ERS5418370","","14.73","1","166908","57890878","","WGS","GENOMIC","PCR"
"ERX4759999","Illumina MiSeq sequencing; COG-UK/LOND-1250AA4/LOND_UCLH:201120_M03972_0291_000000000-JDG4G","Severe acute respiratory syndrome coronavirus 2","Illumina MiSeq","","ERP121228","COVID-19 Genomics UK (COG-UK) consortium","ERS5418366","","39.78","1","459702","183227771","","WGS","GENOMIC","PCR"
"ERX4760001","Illumina MiSeq sequencing; COG-UK/LOND-1250E20/LOND_UCLH:201120_M03972_0291_000000000-JDG4G","Severe acute respiratory syndrome coronavirus 2","Illumina MiSeq","","ERP121228","COVID-19 Genomics UK (COG-UK) consortium","ERS5418368","","13.07","1","158194","57538695","","WGS","GENOMIC","PCR"
"ERX4760416","Illumina MiSeq sequencing; COG-UK/LOND-12506FB/LOND_UCLH:201106_M03972_0287_000000000-J3L5M","Severe acute respiratory syndrome coronavirus 2","Illumina MiSeq","","ERP121228","COVID-19 Genomics UK (COG-UK) consortium","ERS5418777","","11.89","1","142912","48837306","","WGS","GENOMIC","PCR"
"ERX4760368","Illumina MiSeq sequencing; COG-UK/LOND-124F98D/LOND_UCLH:201010_M03972_0278_000000000-J3N6T","Severe acute respiratory syndrome coronavirus 2","Illumina MiSeq","","ERP121228","COVID-19 Genomics UK (COG-UK) consortium","ERS5418729","","17.98","1","235571","86208576","","WGS","GENOMIC","PCR"
"ERX4760294","Illumina MiSeq sequencing; COG-UK/LOND-124F792/LOND_UCLH:201010_M03972_0278_000000000-J3N6T","Severe acute respiratory syndrome coronavirus 2","Illumina MiSeq","","ERP121228","COVID-19 Genomics UK (COG-UK) consortium","ERS5418656","","10.92","1","150188","50975617","","WGS","GENOMIC","PCR"
"ERX4760218","Illumina MiSeq sequencing; COG-UK/LOND-12500EE/LOND_UCLH:201020_M03972_0281_000000000-J52YL","Severe acute respiratory syndrome coronavirus 2","Illumina MiSeq","","ERP121228","COVID-19 Genomics UK (COG-UK) consortium","ERS5418580","","9.81","1","115432","43490479","","WGS","GENOMIC","PCR"
"ERX4760187","Illumina MiSeq sequencing; COG-UK/LOND-12512F6/LOND_UCLH:201122_M03972_0292_000000000-JDG2M","Severe acute respiratory syndrome coronavirus 2","Illumina MiSeq","","ERP121228","COVID-19 Genomics UK (COG-UK) consortium","ERS5418550","","13.99","1","232484","64543771","","WGS","GENOMIC","PCR"
"ERX4760629","Illumina MiSeq sequencing; COG-UK/LOND-12512C9/LOND_UCLH:201122_M03972_0292_000000000-JDG2M","Severe acute respiratory syndrome coronavirus 2","Illumina MiSeq","","ERP121228","COVID-19 Genomics UK (COG-UK) consortium","ERS5418984","","7.39","1","120855","33384530","","WGS","GENOMIC","PCR"
"ERX4760609","Illumina MiSeq sequencing; COG-UK/LOND-124FDCD/LOND_UCLH:201020_M03972_0281_000000000-J52YL","Severe acute respiratory syndrome coronavirus 2","Illumina MiSeq","","ERP121228","COVID-19 Genomics UK (COG-UK) consortium","ERS5418964","","3.59","1","43090","15883436","","WGS","GENOMIC","PCR"
"ERX4760560","Illumina MiSeq sequencing; COG-UK/LOND-12505D0/LOND_UCLH:201102_M03972_0285_000000000-JCTGV","Severe acute respiratory syndrome coronavirus 2","Illumina MiSeq","","ERP121228","COVID-19 Genomics UK (COG-UK) consortium","ERS5418918","","14","1","164329","66616427","","WGS","GENOMIC","PCR"
"ERX4760522","Illumina MiSeq sequencing; COG-UK/LOND-124F60E/LOND_UCLH:201010_M03972_0278_000000000-J3N6T","Severe acute respiratory syndrome coronavirus 2","Illumina MiSeq","","ERP121228","COVID-19 Genomics UK (COG-UK) consortium","ERS5418881","","15.08","1","211147","69108421","","WGS","GENOMIC","PCR"
"ERX4760512","Illumina MiSeq sequencing; COG-UK/LOND-124F6B3/LOND_UCLH:201010_M03972_0278_000000000-J3N6T","Severe acute respiratory syndrome coronavirus 2","Illumina MiSeq","","ERP121228","COVID-19 Genomics UK (COG-UK) consortium","ERS5418871","","9.56","1","133509","43607828","","WGS","GENOMIC","PCR"
"ERX4760475","Illumina MiSeq sequencing; COG-UK/LOND-12508F5/LOND_UCLH:201106_M03972_0287_000000000-J3L5M","Severe acute respiratory syndrome coronavirus 2","Illumina MiSeq","","ERP121228","COVID-19 Genomics UK (COG-UK) consortium","ERS5418835","","17.96","1","204304","73102224","","WGS","GENOMIC","PCR"
"ERX4760438","Illumina MiSeq sequencing; COG-UK/LOND-12512BA/LOND_UCLH:201122_M03972_0292_000000000-JDG2M","Severe acute respiratory syndrome coronavirus 2","Illumina MiSeq","","ERP121228","COVID-19 Genomics UK (COG-UK) consortium","ERS5418799","","8.08","1","132542","36063001","","WGS","GENOMIC","PCR"
"ERX4760824","Illumina MiSeq sequencing; COG-UK/LOND-12512E7/LOND_UCLH:201122_M03972_0292_000000000-JDG2M","Severe acute respiratory syndrome coronavirus 2","Illumina MiSeq","","ERP121228","COVID-19 Genomics UK (COG-UK) consortium","ERS5419178","","2.74","1","41690","11127805","","WGS","GENOMIC","PCR"
"ERX4760806","Illumina MiSeq sequencing; COG-UK/LOND-124F7A1/LOND_UCLH:201010_M03972_0278_000000000-J3N6T","Severe acute respiratory syndrome coronavirus 2","Illumina MiSeq","","ERP121228","COVID-19 Genomics UK (COG-UK) consortium","ERS5419160","","11.65","1","156430","54757860","","WGS","GENOMIC","PCR"
"ERX4760760","Illumina MiSeq sequencing; COG-UK/LOND-12504A6/LOND_UCLH:201102_M03972_0285_000000000-JCTGV","Severe acute respiratory syndrome coronavirus 2","Illumina MiSeq","","ERP121228","COVID-19 Genomics UK (COG-UK) consortium","ERS5419117","","18.63","1","255870","85627703","","WGS","GENOMIC","PCR"
"ERX4760721","Illumina MiSeq sequencing; COG-UK/LOND-1250D7E/LOND_UCLH:201120_M03972_0291_000000000-JDG4G","Severe acute respiratory syndrome coronavirus 2","Illumina MiSeq","","ERP121228","COVID-19 Genomics UK (COG-UK) consortium","ERS5419076","","4.69","1","55008","19032357","","WGS","GENOMIC","PCR"
"ERX4760700","Illumina MiSeq sequencing; COG-UK/LOND-1250DE7/LOND_UCLH:201120_M03972_0291_000000000-JDG4G","Severe acute respiratory syndrome coronavirus 2","Illumina MiSeq","","ERP121228","COVID-19 Genomics UK (COG-UK) consortium","ERS5419054","","11.79","1","147281","51144846","","WGS","GENOMIC","PCR"
"ERX4760670","Illumina MiSeq sequencing; COG-UK/LOND-1250190/LOND_UCLH:201020_M03972_0281_000000000-J52YL","Severe acute respiratory syndrome coronavirus 2","Illumina MiSeq","","ERP121228","COVID-19 Genomics UK (COG-UK) consortium","ERS5419025","","43.46","1","503300","202044809","","WGS","GENOMIC","PCR"
"ERX4760666","Illumina MiSeq sequencing; COG-UK/LOND-1250A0E/LOND_UCLH:201120_M03972_0291_000000000-JDG4G","Severe acute respiratory syndrome coronavirus 2","Illumina MiSeq","","ERP121228","COVID-19 Genomics UK (COG-UK) consortium","ERS5419021","","7.09","1","86901","30948165","","WGS","GENOMIC","PCR"
"ERX4760637","Illumina MiSeq sequencing; COG-UK/LOND-124FBA5/LOND_UCLH:201010_M03972_0278_000000000-J3N6T","Severe acute respiratory syndrome coronavirus 2","Illumina MiSeq","","ERP121228","COVID-19 Genomics UK (COG-UK) consortium","ERS5418993","","17.16","1","199819","75383245","","WGS","GENOMIC","PCR"
"ERX4761033","Illumina MiSeq sequencing; COG-UK/LOND-1250CAE/LOND_UCLH:201120_M03972_0291_000000000-JDG4G","Severe acute respiratory syndrome coronavirus 2","Illumina MiSeq","","ERP121228","COVID-19 Genomics UK (COG-UK) consortium","ERS5419413","","22.35","1","285548","98389657","","WGS","GENOMIC","PCR"
"ERX4760989","Illumina MiSeq sequencing; COG-UK/LOND-1251171/LOND_UCLH:201122_M03972_0292_000000000-JDG2M","Severe acute respiratory syndrome coronavirus 2","Illumina MiSeq","","ERP121228","COVID-19 Genomics UK (COG-UK) consortium","ERS5419369","","15.74","1","250719","70281725","","WGS","GENOMIC","PCR"
"ERX4760977","Illumina MiSeq sequencing; COG-UK/LOND-1250DF6/LOND_UCLH:201120_M03972_0291_000000000-JDG4G","Severe acute respiratory syndrome coronavirus 2","Illumina MiSeq","","ERP121228","COVID-19 Genomics UK (COG-UK) consortium","ERS5419357","","17.23","1","202322","77783027","","WGS","GENOMIC","PCR"
"ERX4760975","Illumina MiSeq sequencing; COG-UK/LOND-124F431/LOND_UCLH:201015_M03972_0280_000000000-J4RF9","Severe acute respiratory syndrome coronavirus 2","Illumina MiSeq","","ERP121228","COVID-19 Genomics UK (COG-UK) consortium","ERS5419355","","36.35","1","447448","142480431","","WGS","GENOMIC","PCR"
"ERX4760931","Illumina MiSeq sequencing; COG-UK/LOND-1250F3C/LOND_UCLH:201122_M03972_0292_000000000-JDG2M","Severe acute respiratory syndrome coronavirus 2","Illumina MiSeq","","ERP121228","COVID-19 Genomics UK (COG-UK) consortium","ERS5419313","","7.57","1","122152","33585604","","WGS","GENOMIC","PCR"
"ERX4760873","Illumina MiSeq sequencing; COG-UK/LOND-12506BF/LOND_UCLH:201106_M03972_0287_000000000-J3L5M","Severe acute respiratory syndrome coronavirus 2","Illumina MiSeq","","ERP121228","COVID-19 Genomics UK (COG-UK) consortium","ERS5419256","","18.53","1","227420","78203299","","WGS","GENOMIC","PCR"
"ERX4760830","Illumina MiSeq sequencing; COG-UK/LOND-124FA8A/LOND_UCLH:201010_M03972_0278_000000000-J3N6T","Severe acute respiratory syndrome coronavirus 2","Illumina MiSeq","","ERP121228","COVID-19 Genomics UK (COG-UK) consortium","ERS5419182","","5.33","1","71538","24243594","","WGS","GENOMIC","PCR"
"ERX4760826","Illumina MiSeq sequencing; COG-UK/LOND-1250AD1/LOND_UCLH:201120_M03972_0291_000000000-JDG4G","Severe acute respiratory syndrome coronavirus 2","Illumina MiSeq","","ERP121228","COVID-19 Genomics UK (COG-UK) consortium","ERS5419179","","8.54","1","106320","36599888","","WGS","GENOMIC","PCR"
"ERX4867134","Illumina MiSeq sequencing; COG-UK/LOND-128746A/LOND_BART:201127_M04910_0378_000000000-CT76K","Severe acute respiratory syndrome coronavirus 2","Illumina MiSeq","Barts Health NHS Trust","ERP121228","COVID-19 Genomics UK (COG-UK) consortium","ERS5525317","","21.22","1","345239","90314770","","WGS","VIRAL RNA","PCR"
"ERX4867035","Illumina MiSeq sequencing; COG-UK/LOND-1287BFC/LOND_BART:201210_M04910_0384_000000000-JC9H8","Severe acute respiratory syndrome coronavirus 2","Illumina MiSeq","Barts Health NHS Trust","ERP121228","COVID-19 Genomics UK (COG-UK) consortium","ERS5525215","","24.46","1","312302","86831605","","WGS","VIRAL RNA","PCR"
"ERX4866906","Illumina MiSeq sequencing; COG-UK/LOND-1287752/LOND_BART:201204_M04910_0380_000000000-JC9H5","Severe acute respiratory syndrome coronavirus 2","Illumina MiSeq","Barts Health NHS Trust","ERP121228","COVID-19 Genomics UK (COG-UK) consortium","ERS5525082","","36.38","1","485566","128089390","","WGS","VIRAL RNA","PCR"
"ERX4866871","Illumina MiSeq sequencing; COG-UK/LOND-12878B9/LOND_BART:201204_M04910_0380_000000000-JC9H5","Severe acute respiratory syndrome coronavirus 2","Illumina MiSeq","Barts Health NHS Trust","ERP121228","COVID-19 Genomics UK (COG-UK) consortium","ERS5525046","","53.79","1","814518","216261212","","WGS","VIRAL RNA","PCR"
"ERX4761180","Illumina MiSeq sequencing; COG-UK/LOND-12500DF/LOND_UCLH:201020_M03972_0281_000000000-J52YL","Severe acute respiratory syndrome coronavirus 2","Illumina MiSeq","","ERP121228","COVID-19 Genomics UK (COG-UK) consortium","ERS5419556","","12.15","1","153679","55851062","","WGS","GENOMIC","PCR"
"ERX4761140","Illumina MiSeq sequencing; COG-UK/LOND-12504C4/LOND_UCLH:201102_M03972_0285_000000000-JCTGV","Severe acute respiratory syndrome coronavirus 2","Illumina MiSeq","","ERP121228","COVID-19 Genomics UK (COG-UK) consortium","ERS5419516","","16.94","1","235430","77642437","","WGS","GENOMIC","PCR"
"ERX4760403","Illumina MiSeq sequencing; COG-UK/LOND-1250BFC/LOND_UCLH:201120_M03972_0291_000000000-JDG4G","Severe acute respiratory syndrome coronavirus 2","Illumina MiSeq","","ERP121228","COVID-19 Genomics UK (COG-UK) consortium","ERS5418764","","10.42","1","128273","46610323","","WGS","GENOMIC","PCR"
"ERX4868682","Illumina MiSeq sequencing; COG-UK/LOND-1287AFF/LOND_BART:201210_M04910_0384_000000000-JC9H8","Severe acute respiratory syndrome coronavirus 2","Illumina MiSeq","Barts Health NHS Trust","ERP121228","COVID-19 Genomics UK (COG-UK) consortium","ERS5526979","","41.4","1","540853","146062303","","WGS","VIRAL RNA","PCR"
"ERX4868625","Illumina MiSeq sequencing; COG-UK/LOND-12515B1/LOND_UCLH:201124_M03972_0293_000000000-JDG79","Severe acute respiratory syndrome coronavirus 2","Illumina MiSeq","","ERP121228","COVID-19 Genomics UK (COG-UK) consortium","ERS5526922","","10.99","1","115823","48674540","","WGS","GENOMIC","PCR"
"ERX4868501","Illumina MiSeq sequencing; COG-UK/LOND-1287A86/LOND_BART:201210_M04910_0384_000000000-JC9H8","Severe acute respiratory syndrome coronavirus 2","Illumina MiSeq","Barts Health NHS Trust","ERP121228","COVID-19 Genomics UK (COG-UK) consortium","ERS5526797","","42.29","1","574727","151939163","","WGS","VIRAL RNA","PCR"
"ERX4868172","Illumina MiSeq sequencing; COG-UK/LOND-1288092/LOND_BART:201223_M04910_0392_000000000-JFM8P","Severe acute respiratory syndrome coronavirus 2","Illumina MiSeq","Barts Health NHS Trust","ERP121228","COVID-19 Genomics UK (COG-UK) consortium","ERS5526471","","51.78","1","696909","194009992","","WGS","VIRAL RNA","PCR"
"ERX4868110","Illumina MiSeq sequencing; COG-UK/LOND-1287488/LOND_BART:201127_M04910_0378_000000000-CT76K","Severe acute respiratory syndrome coronavirus 2","Illumina MiSeq","Barts Health NHS Trust","ERP121228","COVID-19 Genomics UK (COG-UK) consortium","ERS5526411","","36.06","1","541345","128613594","","WGS","VIRAL RNA","PCR"
"ERX4867362","Illumina MiSeq sequencing; COG-UK/LOND-12872CA/LOND_BART:201127_M04910_0378_000000000-CT76K","Severe acute respiratory syndrome coronavirus 2","Illumina MiSeq","Barts Health NHS Trust","ERP121228","COVID-19 Genomics UK (COG-UK) consortium","ERS5525665","","37.18","1","605929","152472704","","WGS","VIRAL RNA","PCR"
"ERX4867326","Illumina MiSeq sequencing; COG-UK/LOND-1251681/LOND_UCLH:201124_M03972_0293_000000000-JDG79","Severe acute respiratory syndrome coronavirus 2","Illumina MiSeq","","ERP121228","COVID-19 Genomics UK (COG-UK) consortium","ERS5525629","","26.78","1","287765","116189884","","WGS","GENOMIC","PCR"
"ERX4869924","Illumina MiSeq sequencing; COG-UK/LOND-125240E/LOND_UCLH:201208_M03972_0299_000000000-JG7HT","Severe acute respiratory syndrome coronavirus 2","Illumina MiSeq","","ERP121228","COVID-19 Genomics UK (COG-UK) consortium","ERS5528204","","12.34","1","151029","55646375","","WGS","GENOMIC","PCR"
"ERX4869921","Illumina MiSeq sequencing; COG-UK/LOND-1287B1A/LOND_BART:201210_M04910_0384_000000000-JC9H8","Severe acute respiratory syndrome coronavirus 2","Illumina MiSeq","Barts Health NHS Trust","ERP121228","COVID-19 Genomics UK (COG-UK) consortium","ERS5528205","","53.88","1","714782","190477892","","WGS","VIRAL RNA","PCR"
"ERX4869650","Illumina MiSeq sequencing; COG-UK/LOND-1287A1D/LOND_BART:201210_M04910_0384_000000000-JC9H8","Severe acute respiratory syndrome coronavirus 2","Illumina MiSeq","Barts Health NHS Trust","ERP121228","COVID-19 Genomics UK (COG-UK) consortium","ERS5527936","","46.96","1","667784","166262162","","WGS","VIRAL RNA","PCR"
"ERX4869275","Illumina MiSeq sequencing; COG-UK/LOND-12875EF/LOND_BART:201127_M04910_0378_000000000-CT76K","Severe acute respiratory syndrome coronavirus 2","Illumina MiSeq","Barts Health NHS Trust","ERP121228","COVID-19 Genomics UK (COG-UK) consortium","ERS5527569","","30.39","1","484097","128823214","","WGS","VIRAL RNA","PCR"
"ERX4869251","Illumina MiSeq sequencing; COG-UK/LOND-1288241/LOND_BART:201227_M04910_0393_000000000-G72YG","Severe acute respiratory syndrome coronavirus 2","Illumina MiSeq","Barts Health NHS Trust","ERP121228","COVID-19 Genomics UK (COG-UK) consortium","ERS5527543","","38.38","1","499738","140031623","","WGS","VIRAL RNA","PCR"
"ERX4869047","Illumina MiSeq sequencing; COG-UK/LOND-1288065/LOND_BART:201223_M04910_0392_000000000-JFM8P","Severe acute respiratory syndrome coronavirus 2","Illumina MiSeq","Barts Health NHS Trust","ERP121228","COVID-19 Genomics UK (COG-UK) consortium","ERS5527341","","52.66","1","702485","196922326","","WGS","VIRAL RNA","PCR"
"ERX4868841","Illumina MiSeq sequencing; COG-UK/LOND-128796B/LOND_BART:201205_M04910_0381_000000000-G6GL4","Severe acute respiratory syndrome coronavirus 2","Illumina MiSeq","Barts Health NHS Trust","ERP121228","COVID-19 Genomics UK (COG-UK) consortium","ERS5527138","","20.47","1","306491","72465719","","WGS","VIRAL RNA","PCR"
"ERX4868760","Illumina MiSeq sequencing; COG-UK/LOND-1287215/LOND_BART:201030_M04910_0364_000000000-G5W68","Severe acute respiratory syndrome coronavirus 2","Illumina MiSeq","Barts Health NHS Trust","ERP121228","COVID-19 Genomics UK (COG-UK) consortium","ERS5527056","","22.51","1","333003","92731652","","WGS","VIRAL RNA","PCR"
"ERX4871141","Illumina MiSeq sequencing; COG-UK/LOND-1251E6B/LOND_UCLH:201201_M03972_0296_000000000-JDFY3","Severe acute respiratory syndrome coronavirus 2","Illumina MiSeq","","ERP121228","COVID-19 Genomics UK (COG-UK) consortium","ERS5529424","","12.03","1","138325","54630173","","WGS","GENOMIC","PCR"
"ERX4871084","Illumina MiSeq sequencing; COG-UK/LOND-12877E9/LOND_BART:201204_M04910_0380_000000000-JC9H5","Severe acute respiratory syndrome coronavirus 2","Illumina MiSeq","Barts Health NHS Trust","ERP121228","COVID-19 Genomics UK (COG-UK) consortium","ERS5529366","","42.47","1","539678","146785753","","WGS","VIRAL RNA","PCR"
"ERX4870919","Illumina MiSeq sequencing; COG-UK/LOND-12876EC/LOND_BART:201127_M04910_0378_000000000-CT76K","Severe acute respiratory syndrome coronavirus 2","Illumina MiSeq","Barts Health NHS Trust","ERP121228","COVID-19 Genomics UK (COG-UK) consortium","ERS5529205","","29.65","1","464853","125712192","","WGS","VIRAL RNA","PCR"
"ERX4870900","Illumina MiSeq sequencing; COG-UK/LOND-1287DAB/LOND_BART:201221_M04910_0390_000000000-JCCPP","Severe acute respiratory syndrome coronavirus 2","Illumina MiSeq","Barts Health NHS Trust","ERP121228","COVID-19 Genomics UK (COG-UK) consortium","ERS5529182","","28.63","1","375150","101500416","","WGS","VIRAL RNA","PCR"
"ERX4870458","Illumina MiSeq sequencing; COG-UK/LOND-12516AF/LOND_UCLH:201124_M03972_0293_000000000-JDG79","Severe acute respiratory syndrome coronavirus 2","Illumina MiSeq","","ERP121228","COVID-19 Genomics UK (COG-UK) consortium","ERS5528745","","50.37","1","554044","217715329","","WGS","GENOMIC","PCR"
"ERX4870406","Illumina MiSeq sequencing; COG-UK/LOND-1287C62/LOND_BART:201214_M04910_0386_000000000-G6GKJ","Severe acute respiratory syndrome coronavirus 2","Illumina MiSeq","Barts Health NHS Trust","ERP121228","COVID-19 Genomics UK (COG-UK) consortium","ERS5528694","","14.8","1","254065","60487419","","WGS","VIRAL RNA","PCR"
"ERX4870278","Illumina MiSeq sequencing; COG-UK/LOND-1251B82/LOND_UCLH:201201_M03972_0296_000000000-JDFY3","Severe acute respiratory syndrome coronavirus 2","Illumina MiSeq","","ERP121228","COVID-19 Genomics UK (COG-UK) consortium","ERS5528564","","7.67","1","90537","34036716","","WGS","GENOMIC","PCR"
"ERX4870033","Illumina MiSeq sequencing; COG-UK/LOND-1287F78/LOND_BART:201221_M04910_0390_000000000-JCCPP","Severe acute respiratory syndrome coronavirus 2","Illumina MiSeq","Barts Health NHS Trust","ERP121228","COVID-19 Genomics UK (COG-UK) consortium","ERS5528318","","28.53","1","378263","103599967","","WGS","VIRAL RNA","PCR"
"ERX4874190","Illumina MiSeq sequencing; COG-UK/LOND-1287D6F/LOND_BART:201221_M04910_0390_000000000-JCCPP","Severe acute respiratory syndrome coronavirus 2","Illumina MiSeq","Barts Health NHS Trust","ERP121228","COVID-19 Genomics UK (COG-UK) consortium","ERS5532533","","48.8","1","637083","171524915","","WGS","VIRAL RNA","PCR"
"ERX4874131","Illumina MiSeq sequencing; COG-UK/LOND-1251BA0/LOND_UCLH:201201_M03972_0296_000000000-JDFY3","Severe acute respiratory syndrome coronavirus 2","Illumina MiSeq","","ERP121228","COVID-19 Genomics UK (COG-UK) consortium","ERS5532472","","15.28","1","175724","68208873","","WGS","GENOMIC","PCR"
"ERX4873735","Illumina MiSeq sequencing; COG-UK/LOND-1251A67/LOND_UCLH:201201_M03972_0296_000000000-JDFY3","Severe acute respiratory syndrome coronavirus 2","Illumina MiSeq","","ERP121228","COVID-19 Genomics UK (COG-UK) consortium","ERS5532077","","29.75","1","350014","136591159","","WGS","GENOMIC","PCR"
"ERX4873563","Illumina MiSeq sequencing; COG-UK/LOND-1251B64/LOND_UCLH:201201_M03972_0296_000000000-JDFY3","Severe acute respiratory syndrome coronavirus 2","Illumina MiSeq","","ERP121228","COVID-19 Genomics UK (COG-UK) consortium","ERS5531908","","7.91","1","88418","35582619","","WGS","GENOMIC","PCR"
"ERX4873549","Illumina MiSeq sequencing; COG-UK/LOND-1251830/LOND_UCLH:201124_M03972_0293_000000000-JDG79","Severe acute respiratory syndrome coronavirus 2","Illumina MiSeq","","ERP121228","COVID-19 Genomics UK (COG-UK) consortium","ERS5531893","","12.36","1","144154","51102807","","WGS","GENOMIC","PCR"
"ERX4871847","Illumina MiSeq sequencing; COG-UK/LOND-1287F5A/LOND_BART:201221_M04910_0390_000000000-JCCPP","Severe acute respiratory syndrome coronavirus 2","Illumina MiSeq","Barts Health NHS Trust","ERP121228","COVID-19 Genomics UK (COG-UK) consortium","ERS5530124","","81.65","1","1012170","266046187","","WGS","VIRAL RNA","PCR"
"ERX4871665","Illumina MiSeq sequencing; COG-UK/LOND-1287F2D/LOND_BART:201221_M04910_0390_000000000-JCCPP","Severe acute respiratory syndrome coronavirus 2","Illumina MiSeq","Barts Health NHS Trust","ERP121228","COVID-19 Genomics UK (COG-UK) consortium","ERS5529944","","91.89","1","1242955","326579066","","WGS","VIRAL RNA","PCR"
"ERX4871371","Illumina MiSeq sequencing; COG-UK/LOND-1251821/LOND_UCLH:201124_M03972_0293_000000000-JDG79","Severe acute respiratory syndrome coronavirus 2","Illumina MiSeq","","ERP121228","COVID-19 Genomics UK (COG-UK) consortium","ERS5529651","","14.67","1","174283","62081039","","WGS","GENOMIC","PCR"
"ERX4876004","Illumina MiSeq sequencing; COG-UK/LOND-12517D9/LOND_UCLH:201124_M03972_0293_000000000-JDG79","Severe acute respiratory syndrome coronavirus 2","Illumina MiSeq","","ERP121228","COVID-19 Genomics UK (COG-UK) consortium","ERS5534348","","9.48","1","100715","38962781","","WGS","GENOMIC","PCR"
"ERX4875749","Illumina MiSeq sequencing; COG-UK/LOND-125150C/LOND_UCLH:201124_M03972_0293_000000000-JDG79","Severe acute respiratory syndrome coronavirus 2","Illumina MiSeq","","ERP121228","COVID-19 Genomics UK (COG-UK) consortium","ERS5534089","","34.64","1","364856","147479002","","WGS","GENOMIC","PCR"
"ERX4875710","Illumina MiSeq sequencing; COG-UK/LOND-1288232/LOND_BART:201227_M04910_0393_000000000-G72YG","Severe acute respiratory syndrome coronavirus 2","Illumina MiSeq","Barts Health NHS Trust","ERP121228","COVID-19 Genomics UK (COG-UK) consortium","ERS5534050","","37.21","1","479454","136142592","","WGS","VIRAL RNA","PCR"
"ERX4875744","Illumina MiSeq sequencing; COG-UK/LOND-1287576/LOND_BART:201127_M04910_0378_000000000-CT76K","Severe acute respiratory syndrome coronavirus 2","Illumina MiSeq","Barts Health NHS Trust","ERP121228","COVID-19 Genomics UK (COG-UK) consortium","ERS5534081","","25.01","1","386367","108101716","","WGS","VIRAL RNA","PCR"
"ERX4875403","Illumina MiSeq sequencing; COG-UK/LOND-1287770/LOND_BART:201204_M04910_0380_000000000-JC9H5","Severe acute respiratory syndrome coronavirus 2","Illumina MiSeq","Barts Health NHS Trust","ERP121228","COVID-19 Genomics UK (COG-UK) consortium","ERS5533741","","43.49","1","577932","151989472","","WGS","VIRAL RNA","PCR"
"ERX4875212","Illumina MiSeq sequencing; COG-UK/LOND-1287585/LOND_BART:201127_M04910_0378_000000000-CT76K","Severe acute respiratory syndrome coronavirus 2","Illumina MiSeq","Barts Health NHS Trust","ERP121228","COVID-19 Genomics UK (COG-UK) consortium","ERS5533550","","22.69","1","354062","93430478","","WGS","VIRAL RNA","PCR"
"ERX4874869","Illumina MiSeq sequencing; COG-UK/LOND-12881F9/LOND_BART:201227_M04910_0393_000000000-G72YG","Severe acute respiratory syndrome coronavirus 2","Illumina MiSeq","Barts Health NHS Trust","ERP121228","COVID-19 Genomics UK (COG-UK) consortium","ERS5533208","","35.05","1","445956","125434334","","WGS","VIRAL RNA","PCR"
"ERX4874854","Illumina MiSeq sequencing; COG-UK/LOND-12516FA/LOND_UCLH:201124_M03972_0293_000000000-JDG79","Severe acute respiratory syndrome coronavirus 2","Illumina MiSeq","","ERP121228","COVID-19 Genomics UK (COG-UK) consortium","ERS5533195","","19.46","1","208860","83909754","","WGS","GENOMIC","PCR"
"ERX4874629","Illumina MiSeq sequencing; COG-UK/LOND-1287567/LOND_BART:201127_M04910_0378_000000000-CT76K","Severe acute respiratory syndrome coronavirus 2","Illumina MiSeq","Barts Health NHS Trust","ERP121228","COVID-19 Genomics UK (COG-UK) consortium","ERS5532965","","19.6","1","328921","82409616","","WGS","VIRAL RNA","PCR"
"ERX4877167","Illumina MiSeq sequencing; COG-UK/LOND-1287BED/LOND_BART:201210_M04910_0384_000000000-JC9H8","Severe acute respiratory syndrome coronavirus 2","Illumina MiSeq","Barts Health NHS Trust","ERP121228","COVID-19 Genomics UK (COG-UK) consortium","ERS5535516","","38.02","1","494599","136116220","","WGS","VIRAL RNA","PCR"
"ERX4877090","Illumina MiSeq sequencing; COG-UK/LOND-1288171/LOND_BART:201223_M04910_0392_000000000-JFM8P","Severe acute respiratory syndrome coronavirus 2","Illumina MiSeq","Barts Health NHS Trust","ERP121228","COVID-19 Genomics UK (COG-UK) consortium","ERS5535439","","63.21","1","760908","212870985","","WGS","VIRAL RNA","PCR"
"ERX4876935","Illumina MiSeq sequencing; COG-UK/LOND-1251E4D/LOND_UCLH:201201_M03972_0296_000000000-JDFY3","Severe acute respiratory syndrome coronavirus 2","Illumina MiSeq","","ERP121228","COVID-19 Genomics UK (COG-UK) consortium","ERS5535286","","9.39","1","108852","41249771","","WGS","GENOMIC","PCR"
"ERX4876993","Illumina MiSeq sequencing; COG-UK/LOND-1287260/LOND_BART:201113_M04910_0371_000000000-JCCY6","Severe acute respiratory syndrome coronavirus 2","Illumina MiSeq","Barts Health NHS Trust","ERP121228","COVID-19 Genomics UK (COG-UK) consortium","ERS5535343","","82.12","1","1043150","290211536","","WGS","VIRAL RNA","PCR"
"ERX4876731","Illumina MiSeq sequencing; COG-UK/LOND-1252082/LOND_UCLH:201208_M03972_0299_000000000-JG7HT","Severe acute respiratory syndrome coronavirus 2","Illumina MiSeq","","ERP121228","COVID-19 Genomics UK (COG-UK) consortium","ERS5535073","","4.47","1","49452","20283543","","WGS","GENOMIC","PCR"
"ERX4876623","Illumina MiSeq sequencing; COG-UK/LOND-1287A95/LOND_BART:201210_M04910_0384_000000000-JC9H8","Severe acute respiratory syndrome coronavirus 2","Illumina MiSeq","Barts Health NHS Trust","ERP121228","COVID-19 Genomics UK (COG-UK) consortium","ERS5534965","","37.03","1","478003","131848256","","WGS","VIRAL RNA","PCR"
"ERX4876512","Illumina MiSeq sequencing; COG-UK/LOND-12521E9/LOND_UCLH:201208_M03972_0299_000000000-JG7HT","Severe acute respiratory syndrome coronavirus 2","Illumina MiSeq","","ERP121228","COVID-19 Genomics UK (COG-UK) consortium","ERS5534855","","9.18","1","101798","43337461","","WGS","GENOMIC","PCR"
"ERX4876431","Illumina MiSeq sequencing; COG-UK/LOND-1288029/LOND_BART:201223_M04910_0392_000000000-JFM8P","Severe acute respiratory syndrome coronavirus 2","Illumina MiSeq","Barts Health NHS Trust","ERP121228","COVID-19 Genomics UK (COG-UK) consortium","ERS5534774","","62.23","1","809942","217093701","","WGS","VIRAL RNA","PCR"
"ERX4876196","Illumina MiSeq sequencing; COG-UK/LOND-12517F7/LOND_UCLH:201124_M03972_0293_000000000-JDG79","Severe acute respiratory syndrome coronavirus 2","Illumina MiSeq","","ERP121228","COVID-19 Genomics UK (COG-UK) consortium","ERS5534539","","11.54","1","123724","51605792","","WGS","GENOMIC","PCR"
"ERX4878021","Illumina MiSeq sequencing; COG-UK/LOND-12881BD/LOND_BART:201227_M04910_0393_000000000-G72YG","Severe acute respiratory syndrome coronavirus 2","Illumina MiSeq","Barts Health NHS Trust","ERP121228","COVID-19 Genomics UK (COG-UK) consortium","ERS5536362","","43.27","1","560999","147037187","","WGS","VIRAL RNA","PCR"
"ERX4877964","Illumina MiSeq sequencing; COG-UK/LOND-12884A5/LOND_BART:210102_M04910_0395_000000000-JFM97","Severe acute respiratory syndrome coronavirus 2","Illumina MiSeq","Barts Health NHS Trust","ERP121228","COVID-19 Genomics UK (COG-UK) consortium","ERS5536305","","42.72","1","547869","152919877","","WGS","VIRAL RNA","PCR"
"ERX4877826","Illumina MiSeq sequencing; COG-UK/LOND-1287A4A/LOND_BART:201210_M04910_0384_000000000-JC9H8","Severe acute respiratory syndrome coronavirus 2","Illumina MiSeq","Barts Health NHS Trust","ERP121228","COVID-19 Genomics UK (COG-UK) consortium","ERS5536170","","37.94","1","509983","134808126","","WGS","VIRAL RNA","PCR"
"ERX4877699","Illumina MiSeq sequencing; COG-UK/LOND-12878AA/LOND_BART:201204_M04910_0380_000000000-JC9H5","Severe acute respiratory syndrome coronavirus 2","Illumina MiSeq","Barts Health NHS Trust","ERP121228","COVID-19 Genomics UK (COG-UK) consortium","ERS5536045","","44.29","1","704027","163467644","","WGS","VIRAL RNA","PCR"
"ERX4877616","Illumina MiSeq sequencing; COG-UK/LOND-1288250/LOND_BART:201227_M04910_0393_000000000-G72YG","Severe acute respiratory syndrome coronavirus 2","Illumina MiSeq","Barts Health NHS Trust","ERP121228","COVID-19 Genomics UK (COG-UK) consortium","ERS5535963","","45.91","1","614323","165900212","","WGS","VIRAL RNA","PCR"
"ERX4877428","Illumina MiSeq sequencing; COG-UK/LOND-12879A7/LOND_BART:201205_M04910_0381_000000000-G6GL4","Severe acute respiratory syndrome coronavirus 2","Illumina MiSeq","Barts Health NHS Trust","ERP121228","COVID-19 Genomics UK (COG-UK) consortium","ERS5535773","","25.48","1","373169","95722079","","WGS","VIRAL RNA","PCR"
"ERX4877282","Illumina MiSeq sequencing; COG-UK/LOND-12875A3/LOND_BART:201127_M04910_0378_000000000-CT76K","Severe acute respiratory syndrome coronavirus 2","Illumina MiSeq","Barts Health NHS Trust","ERP121228","COVID-19 Genomics UK (COG-UK) consortium","ERS5535630","","25.75","1","398850","110363527","","WGS","VIRAL RNA","PCR"
"ERX4879338","Illumina MiSeq sequencing; COG-UK/LOND-1287A0E/LOND_BART:201210_M04910_0384_000000000-JC9H8","Severe acute respiratory syndrome coronavirus 2","Illumina MiSeq","Barts Health NHS Trust","ERP121228","COVID-19 Genomics UK (COG-UK) consortium","ERS5537674","","38.51","1","563773","136894656","","WGS","VIRAL RNA","PCR"
"ERX4878907","Illumina MiSeq sequencing; COG-UK/LOND-12883B7/LOND_BART:210102_M04910_0395_000000000-JFM97","Severe acute respiratory syndrome coronavirus 2","Illumina MiSeq","Barts Health NHS Trust","ERP121228","COVID-19 Genomics UK (COG-UK) consortium","ERS5537246","","31.91","1","376951","104858683","","WGS","VIRAL RNA","PCR"
"ERX4879158","Illumina MiSeq sequencing; COG-UK/LOND-1251B55/LOND_UCLH:201201_M03972_0296_000000000-JDFY3","Severe acute respiratory syndrome coronavirus 2","Illumina MiSeq","","ERP121228","COVID-19 Genomics UK (COG-UK) consortium","ERS5537496","","14.52","1","162440","65801196","","WGS","GENOMIC","PCR"
"ERX4878700","Illumina MiSeq sequencing; COG-UK/LOND-128753A/LOND_BART:201127_M04910_0378_000000000-CT76K","Severe acute respiratory syndrome coronavirus 2","Illumina MiSeq","Barts Health NHS Trust","ERP121228","COVID-19 Genomics UK (COG-UK) consortium","ERS5537041","","30.7","1","472291","124846797","","WGS","VIRAL RNA","PCR"
"ERX4878533","Illumina MiSeq sequencing; COG-UK/LOND-128785F/LOND_BART:201204_M04910_0380_000000000-JC9H5","Severe acute respiratory syndrome coronavirus 2","Illumina MiSeq","Barts Health NHS Trust","ERP121228","COVID-19 Genomics UK (COG-UK) consortium","ERS5536874","","34.79","1","497962","132780490","","WGS","VIRAL RNA","PCR"
"ERX4878493","Illumina MiSeq sequencing; COG-UK/LOND-1287F87/LOND_BART:201221_M04910_0390_000000000-JCCPP","Severe acute respiratory syndrome coronavirus 2","Illumina MiSeq","Barts Health NHS Trust","ERP121228","COVID-19 Genomics UK (COG-UK) consortium","ERS5536834","","20.99","1","280667","76015676","","WGS","VIRAL RNA","PCR"
"ERX4878189","Illumina MiSeq sequencing; COG-UK/LOND-128735E/LOND_BART:201127_M04910_0378_000000000-CT76K","Severe acute respiratory syndrome coronavirus 2","Illumina MiSeq","Barts Health NHS Trust","ERP121228","COVID-19 Genomics UK (COG-UK) consortium","ERS5536530","","19.4","1","287094","79678928","","WGS","VIRAL RNA","PCR"
"ERX4878083","Illumina MiSeq sequencing; COG-UK/LOND-128795C/LOND_BART:201205_M04910_0381_000000000-G6GL4","Severe acute respiratory syndrome coronavirus 2","Illumina MiSeq","Barts Health NHS Trust","ERP121228","COVID-19 Genomics UK (COG-UK) consortium","ERS5536426","","21.77","1","318395","78564731","","WGS","VIRAL RNA","PCR"
"ERX4878054","Illumina MiSeq sequencing; COG-UK/LOND-1287C08/LOND_BART:201210_M04910_0384_000000000-JC9H8","Severe acute respiratory syndrome coronavirus 2","Illumina MiSeq","Barts Health NHS Trust","ERP121228","COVID-19 Genomics UK (COG-UK) consortium","ERS5536396","","42.84","1","567402","155773098","","WGS","VIRAL RNA","PCR"
"ERX4880492","Illumina MiSeq sequencing; COG-UK/LOND-1287FC3/LOND_BART:201221_M04910_0390_000000000-JCCPP","Severe acute respiratory syndrome coronavirus 2","Illumina MiSeq","Barts Health NHS Trust","ERP121228","COVID-19 Genomics UK (COG-UK) consortium","ERS5538815","","25.51","1","357265","88168429","","WGS","VIRAL RNA","PCR"
"ERX4880462","Illumina MiSeq sequencing; COG-UK/LOND-1287FB4/LOND_BART:201221_M04910_0390_000000000-JCCPP","Severe acute respiratory syndrome coronavirus 2","Illumina MiSeq","Barts Health NHS Trust","ERP121228","COVID-19 Genomics UK (COG-UK) consortium","ERS5538785","","13.71","1","175461","49146656","","WGS","VIRAL RNA","PCR"
"ERX4880397","Illumina MiSeq sequencing; COG-UK/LOND-12883E4/LOND_BART:210102_M04910_0395_000000000-JFM97","Severe acute respiratory syndrome coronavirus 2","Illumina MiSeq","Barts Health NHS Trust","ERP121228","COVID-19 Genomics UK (COG-UK) consortium","ERS5538719","","54.22","1","700716","183967249","","WGS","VIRAL RNA","PCR"
"ERX4880378","Illumina MiSeq sequencing; COG-UK/LOND-1287831/LOND_BART:201204_M04910_0380_000000000-JC9H5","Severe acute respiratory syndrome coronavirus 2","Illumina MiSeq","Barts Health NHS Trust","ERP121228","COVID-19 Genomics UK (COG-UK) consortium","ERS5538701","","37.55","1","557632","149097112","","WGS","VIRAL RNA","PCR"
"ERX4879991","Illumina MiSeq sequencing; COG-UK/LOND-1251AFE/LOND_UCLH:201201_M03972_0296_000000000-JDFY3","Severe acute respiratory syndrome coronavirus 2","Illumina MiSeq","","ERP121228","COVID-19 Genomics UK (COG-UK) consortium","ERS5538318","","8.26","1","99730","36311706","","WGS","GENOMIC","PCR"
"ERX4880096","Illumina MiSeq sequencing; COG-UK/LOND-12884D2/LOND_BART:210102_M04910_0395_000000000-JFM97","Severe acute respiratory syndrome coronavirus 2","Illumina MiSeq","Barts Health NHS Trust","ERP121228","COVID-19 Genomics UK (COG-UK) consortium","ERS5538423","","44.66","1","573882","159158479","","WGS","VIRAL RNA","PCR"
"ERX4879876","Illumina MiSeq sequencing; COG-UK/LOND-128840F/LOND_BART:210102_M04910_0395_000000000-JFM97","Severe acute respiratory syndrome coronavirus 2","Illumina MiSeq","Barts Health NHS Trust","ERP121228","COVID-19 Genomics UK (COG-UK) consortium","ERS5538203","","54.34","1","721349","190360146","","WGS","VIRAL RNA","PCR"
"ERX4879792","Illumina MiSeq sequencing; COG-UK/LOND-1287E02/LOND_BART:201221_M04910_0390_000000000-JCCPP","Severe acute respiratory syndrome coronavirus 2","Illumina MiSeq","Barts Health NHS Trust","ERP121228","COVID-19 Genomics UK (COG-UK) consortium","ERS5538117","","24.94","1","329602","88286766","","WGS","VIRAL RNA","PCR"
"ERX4881930","Illumina MiSeq sequencing; COG-UK/LOND-1287A59/LOND_BART:201210_M04910_0384_000000000-JC9H8","Severe acute respiratory syndrome coronavirus 2","Illumina MiSeq","Barts Health NHS Trust","ERP121228","COVID-19 Genomics UK (COG-UK) consortium","ERS5540241","","47.01","1","670173","163860771","","WGS","VIRAL RNA","PCR"
"ERX4881761","Illumina MiSeq sequencing; COG-UK/LOND-1287251/LOND_BART:201113_M04910_0371_000000000-JCCY6","Severe acute respiratory syndrome coronavirus 2","Illumina MiSeq","Barts Health NHS Trust","ERP121228","COVID-19 Genomics UK (COG-UK) consortium","ERS5540072","","77.37","1","1002597","274463846","","WGS","VIRAL RNA","PCR"
"ERX4881300","Illumina MiSeq sequencing; COG-UK/LOND-12878F5/LOND_BART:201204_M04910_0380_000000000-JC9H5","Severe acute respiratory syndrome coronavirus 2","Illumina MiSeq","Barts Health NHS Trust","ERP121228","COVID-19 Genomics UK (COG-UK) consortium","ERS5539611","","54.56","1","883905","196852164","","WGS","VIRAL RNA","PCR"
"ERX4881011","Illumina MiSeq sequencing; COG-UK/LOND-12873B8/LOND_BART:201127_M04910_0378_000000000-CT76K","Severe acute respiratory syndrome coronavirus 2","Illumina MiSeq","Barts Health NHS Trust","ERP121228","COVID-19 Genomics UK (COG-UK) consortium","ERS5539330","","33.13","1","482990","132911772","","WGS","VIRAL RNA","PCR"
"ERX4880967","Illumina MiSeq sequencing; COG-UK/LOND-12871EB/LOND_BART:200928_M04910_0348_000000000-G5V8K","Severe acute respiratory syndrome coronavirus 2","Illumina MiSeq","Barts Health NHS Trust","ERP121228","COVID-19 Genomics UK (COG-UK) consortium","ERS5539286","","16.04","1","262317","58194405","","WGS","VIRAL RNA","PCR"
"ERX4880771","Illumina MiSeq sequencing; COG-UK/LOND-1251F4A/LOND_UCLH:201208_M03972_0299_000000000-JG7HT","Severe acute respiratory syndrome coronavirus 2","Illumina MiSeq","","ERP121228","COVID-19 Genomics UK (COG-UK) consortium","ERS5539088","","8.85","1","97354","41216309","","WGS","GENOMIC","PCR"
"ERX4880590","Illumina MiSeq sequencing; COG-UK/LOND-1287FD2/LOND_BART:201223_M04910_0392_000000000-JFM8P","Severe acute respiratory syndrome coronavirus 2","Illumina MiSeq","Barts Health NHS Trust","ERP121228","COVID-19 Genomics UK (COG-UK) consortium","ERS5538913","","50.76","1","694169","189035793","","WGS","VIRAL RNA","PCR"
